subject,session,target,ROI_1,ROI_2,ROI_3,ROI_4,ROI_5,ROI_6,ROI_7,ROI_8,ROI_9,ROI_10,ROI_11,ROI_12,ROI_13,ROI_14,ROI_15,ROI_16,ROI_17,ROI_18,ROI_19,ROI_20,ROI_21,ROI_22,ROI_23,ROI_24,ROI_25,ROI_26,ROI_27,ROI_28,ROI_29,ROI_30,ROI_31,ROI_32,ROI_33,ROI_34,ROI_35,ROI_36,ROI_37,ROI_38,ROI_39,ROI_40,ROI_41,ROI_42,ROI_43,ROI_44,ROI_45,ROI_46,ROI_47,ROI_48,ROI_49,ROI_50,ROI_51,ROI_52,ROI_53,ROI_54,ROI_55,ROI_56,ROI_57,ROI_58,ROI_59,ROI_60,ROI_61,ROI_62,ROI_63,ROI_64,ROI_65,ROI_66,ROI_67,ROI_68,ROI_69,ROI_70,ROI_71,ROI_72,ROI_73,ROI_74,ROI_75,ROI_76,ROI_77,ROI_78,ROI_79,ROI_80,ROI_81,ROI_82,ROI_83,ROI_84,ROI_85,ROI_86,ROI_87,ROI_88,ROI_89,ROI_90,ROI_91,ROI_92,ROI_93,ROI_94,ROI_95,ROI_96,ROI_97,ROI_98,ROI_99,ROI_100,ROI_101,ROI_102,ROI_103,ROI_104,ROI_105,ROI_106,ROI_107,ROI_108,ROI_109,ROI_110,ROI_111,ROI_112,ROI_113,ROI_114,ROI_115,ROI_116,ROI_117,ROI_118,ROI_119,ROI_120,ROI_121,ROI_122,ROI_123,ROI_124,ROI_125,ROI_126,ROI_127,ROI_128,ROI_129,ROI_130,ROI_131,ROI_132,ROI_133,ROI_134,ROI_135,ROI_136,ROI_137,ROI_138,ROI_139,ROI_140,ROI_141,ROI_142,ROI_143,ROI_144,ROI_145,ROI_146,ROI_147,ROI_148,ROI_149,ROI_150,ROI_151,ROI_152,ROI_153,ROI_154,ROI_155,ROI_156,ROI_157,ROI_158,ROI_159,ROI_160,ROI_161,ROI_162,ROI_163,ROI_164,ROI_165,ROI_166,age,sex
sub-138950,ses-1,0,20.19674246187474,19.459130518054685,20.506774436739025,20.96483433966122,21.52621198825038,20.522389059435294,20.25921151525662,19.386852269998354,20.099254253167267,18.847987479960356,18.76329248215704,14.66588860397965,20.738498828888304,20.816916223943455,20.85738344686231,21.168291209294633,15.517353346844832,13.731913096721955,20.181077033603945,19.73265112461702,16.43202410905481,19.087983345975324,10.961079460670597,7.269617895168672,8.259551117524886,12.41389238600753,10.639933669251338,15.5450033605285,16.276706888678135,7.244460432273182,14.164201494525273,5.729227539964246,22.08504558410654,20.4649989319765,20.751985710443005,20.88878208047258,21.07489155158302,20.664930693250117,20.975352826776714,21.941660081414835,21.231238226788815,21.63120159011373,14.28053159423341,18.81121585813324,20.490784493463103,20.08636279616522,18.98633622650476,17.370065281761793,20.66094576519512,19.995554912615216,18.664341652381875,18.95517201205623,18.974926753327672,18.177134608497063,17.908158263164943,21.10155118797738,19.142425852785394,21.522523516016815,15.473129703206174,18.392696678455597,12.413160854457136,15.649769076914463,14.35162859819686,18.895128281302256,13.139541442835638,18.41434480998812,11.75135907660234,19.652887818601407,18.589855897458676,18.15564638228998,17.58426078832732,17.805468341221815,20.833417622186175,21.384271266260697,21.69086907971282,21.710874163658406,21.581591069285896,20.645140344830804,20.143046642101343,21.6768491020395,17.780261146230647,17.936507108430295,19.376346578208864,15.998366325184351,13.858422868254388,18.471634654134128,8.257076298866416,13.006101555305776,15.132306660856456,20.50179692930358,18.869967214453368,20.551369629557257,19.235296531336676,20.119518052006917,21.481076768383833,21.57224194257267,20.082941405447546,20.70724104518796,18.82946354410652,20.589073091446945,15.91613232437894,19.096572072945666,21.484741151255538,20.747014934873956,19.93965578274937,20.525876889567467,21.340428011214055,21.623343652564607,20.757659185460508,21.367342010693413,19.20178067817483,18.686660388438685,18.876467160855828,19.121643730633345,20.226674828560107,19.417505507157728,16.3706577789944,19.700441596657186,19.69546260199999,20.60321938609006,19.829897904127765,19.695667969733513,21.41758719851052,21.048137831232765,21.086740105846264,21.09001088619865,21.135445058756087,20.770466406288,12.358859461348471,11.11302635165732,20.66223246435564,21.04050852808508,20.633990601939537,20.73516321261518,20.740002633517893,20.83696777380352,19.578225848675007,21.452223765283954,20.57655141618219,20.96079533635133,20.62057899650509,20.44944848947182,20.83952369543919,19.718001870956844,20.049772118109253,19.573148781413085,10.504367467024348,11.132010580814018,18.379079317834112,19.736024085699455,20.53313802292389,20.61200720328014,12.464050141136848,10.738183956482091,15.701090755300667,18.869957162653225,20.767893371128384,19.3222467858492,21.49081952552863,20.79774954537124,20.71909070990544,20.256512018634396,17.708039258919182,19.26120848658885,13.965110173971574,,16,0
sub-19861,ses-2,1,21.250009669963323,21.456088587117513,21.11827234490804,21.226571187512185,21.14977923477455,21.135955886116328,19.497443886723033,17.425815971299723,21.005689715210288,21.169684093957276,15.307809703785322,12.009455828186798,19.05980229148549,17.815732831084148,21.186057112964768,20.877512254419187,13.684034345105594,13.729192657244536,20.672365389980246,20.49181239914059,10.08036339190313,7.244492183321667,11.884863068356744,11.027645811378893,13.579381926313594,14.272551912320765,14.671400184247844,12.640019290798934,13.867391683506398,15.917247563194575,8.618653301239855,12.30057673140471,18.346198040516832,16.92107538167849,21.200751658789535,20.937582806429045,20.825920126960614,21.27882913481998,19.19475024272648,20.170864467351965,18.326869915931898,19.93605347393614,14.639447093141388,15.970730564297078,13.783304290052204,16.10485293349978,18.335438462926493,19.75061214618219,20.136202981431953,18.995362017284933,19.32796768347488,19.606329016855323,14.814447883507018,12.950087904902098,8.752287387990467,12.61323380461825,13.49013655633615,13.08338213923408,20.907889116663505,21.185503105993,20.02378842204156,20.32417551775291,20.158286263686332,20.324085809796596,17.631754081817334,19.499471495882513,17.874379285287375,18.38137802752742,20.11036435543816,20.73540915012172,21.44488510804474,20.260307107672972,20.683767981504296,20.518026107472608,20.507046808535208,18.074972283188348,19.661000640782863,19.37335724547611,20.27538656797392,20.01420764504838,15.665862646358018,17.425900437688856,13.624756588030367,8.815266662877155,18.10251723967335,15.330305925867664,7.509208444778842,10.944539655274664,20.1260362417946,7.085704850051695,10.451650233894163,15.513980976195604,7.56148605003392,16.71083887399332,14.450478560409564,13.469842514862435,18.744742938456856,9.544620005090366,15.015448642264694,19.67221418525753,19.902993044937688,4.083446881661711,17.121969132961922,18.61692951860172,19.105334028826167,20.43773922659706,20.832319358078585,20.6259005063428,21.523795399928023,21.878519328761055,21.48261516592642,20.754861814029905,21.23717651643288,21.743710029975365,20.95772866231617,21.112329204788313,20.517455914965435,21.23890890774348,20.88684548724991,21.05444391595515,19.97460874749545,19.359409073673316,20.37865904464724,20.93826012766528,21.196610281324805,20.74065453189194,17.98686094514333,20.218614096632496,20.199082220786018,17.467057014996943,7.6973679410564575,10.38738096248995,12.539804981934914,12.05551707004778,19.63329307789038,18.947881759592775,17.887505088086712,16.388665390518607,17.729750551534874,17.50355739793403,20.51621966111461,19.389400378189126,20.769711189317736,20.662941736849778,21.16557325161839,21.629380372019153,19.976188680689916,,,,,,,,,,,,,,,,,,,,15,0
sub-20139,ses-2,0,21.138874839672216,20.462097990488775,21.053016217677857,21.35685676653968,20.975988097885978,20.76898575147547,21.00609515861603,21.113280415489054,20.99313834632394,20.14341426762713,16.138045111468916,17.91682760388136,21.10501995111707,21.16349288261074,20.16081375250799,20.930100930769193,17.414647145781576,17.150925309101524,20.372222319572018,21.34213023693192,14.666713777577826,15.050069832252117,14.95492329878966,7.103003885942507,13.934777209524142,16.18339800487583,10.313734400766617,7.001651992925952,12.829576074395304,17.83131459645601,14.118983944608264,11.663183948034083,21.36527878503892,21.845512720697627,21.022197381278,21.40438919604069,18.98758362709374,19.27906139196223,20.5235226545147,18.72586568378906,19.79517412757237,19.985607880700144,18.632046049058545,16.544259005821992,20.61888251565374,19.999030762443116,19.205123314341034,20.229258949398663,19.852439641810925,20.114879680054276,18.48777026351307,18.857228865801297,19.490319161572277,19.52579277254596,12.427818528567496,12.621229189134858,20.761537419118763,20.413784229966353,20.66125904480215,19.630537067612057,18.451544506870647,17.317354965974985,20.049612244538014,19.77024395741342,19.755371856512586,19.67558863404621,19.807651274031674,18.653919339362,18.580690747412355,18.695418896332892,18.745533512880417,18.758091435316757,21.344207417210804,21.327391381502657,21.365369893573376,21.02414879439854,21.648677167175464,19.77007290787664,21.155878370377373,20.587145617493142,19.974223104125144,18.43658799395626,17.279766745474724,12.264091447366752,19.92124912938632,18.501081904075935,8.819140613635547,10.51687281422155,18.003011922038485,20.279385505409312,7.6539221078239965,14.285476482410456,6.46946831027277,5.976948489133124,17.54863943168816,20.05749974690469,19.872033801489,19.87746165239686,16.074229710455104,15.981358707372568,17.415684281547797,20.09646405302185,18.439970753663175,16.951212579244444,11.306276989330042,10.900410865022906,8.844898787560453,11.917843537006794,20.33043970418479,19.850050162310083,20.27606277884133,20.883974052784012,21.071207801119726,20.131944136090866,21.15779637990522,21.592249385318247,21.224363591406984,21.33280506973741,21.10905019545453,21.04573228571596,21.294794002484178,21.464672520005593,20.494390842638047,21.049154261863112,20.317540043182056,20.21753317795608,18.58891062716831,19.5889610217734,20.328482036832252,20.1453024800226,21.130586668337987,21.235428274444622,20.87439831327722,20.962009331877553,20.113984380863908,19.065914968054383,9.826852277693746,6.727740288163753,19.96609413201675,20.13610206911461,20.85630434944419,21.403627400688823,14.984654001801832,18.366942723673844,17.195197553223277,18.412158065682625,20.280770250821824,20.172715013623524,20.832538717816284,20.83036569652149,20.943680196182864,20.326572720865713,6.429412137418198,13.050217882613516,19.082399624168698,11.779605522861496,,,,,,,,,,,14,1
sub-20139,ses-3,1,20.378652665921017,20.8091151975888,20.93372337169344,20.2485233369283,20.668196357488792,20.124346214318816,20.33176997983371,20.774286511505625,20.33135834673537,20.116981909717193,20.97680334322279,16.591028599059744,21.2243413000698,20.470817578479743,21.066193366419384,19.621528739192257,8.812751960970052,17.656050471024503,20.113545234553815,18.250576675851654,9.639810611394168,13.36847103721126,17.100006562582806,8.67641134740223,11.29412002726141,10.13423993705942,9.688236053303717,6.831370123790899,13.855252667503445,9.246519882178688,14.264443683626997,16.084112735522204,21.63946718109728,21.30858621737469,20.939851178212393,20.6792413754505,20.113437031211685,20.368280155244396,18.742528174598107,21.175706833060765,20.252820416207985,19.632511019485097,7.245692268955987,17.64056716978929,20.388033661508715,19.387248250273828,12.457386344227128,16.673773946801255,17.703362813586228,19.05237122905308,15.256104485188612,17.21301854555612,19.095759423907264,16.641385571096755,11.648974485434412,13.510580546904311,19.82703671109836,21.20336493290197,19.48142424181911,20.163321819027555,15.933371599825405,15.52510782038265,19.420795142448632,19.994160233301884,18.74169537120043,20.25001873412862,18.97963742352307,18.81061076051054,18.372176623763423,14.413688662125386,19.89215833780339,17.01408982617339,21.64506144169004,21.179732212170588,21.690113182782685,20.96226680077813,21.53046361156384,20.258514795623753,20.239365033846344,21.484091635020395,19.096979934382837,20.143132693387315,15.613140161736489,12.882756067493842,18.9953805063711,18.818508262024334,14.439609120553898,20.65859781527205,19.758686028060236,19.83409927498756,13.938497342916214,18.235526758347618,5.3867301670193,5.51282645912497,19.465060698265123,21.645870450270387,21.0420040298153,21.45726581843875,17.89980100918197,19.25764184701042,5.748301928471638,5.734546657380083,13.861507233993567,9.369826988963098,11.291477309423213,6.1809877831036815,11.81798048903005,21.108469115486336,21.49346228135504,19.821512098631977,15.550877933384308,4.756533662432193,17.013564762890663,16.897758114953557,14.15001664665442,17.721719229967725,16.51000556785942,19.681688724173583,19.814543927345778,19.13754775416062,19.53063913031021,20.670811919648603,21.09469858014492,21.40152362360884,21.00294776630157,20.874745718773543,20.732104447451285,12.16145306098933,9.988418271350003,20.58439416360451,20.688748201349007,20.175473186817165,20.24242479331453,19.539175662905677,21.56722668845436,18.55477672606912,16.991961915784373,20.59045722048138,21.183518920200797,21.29600229466937,21.15500968898751,19.704379671020448,20.747148031337233,20.62267207708503,18.744415257991392,16.85837345758132,18.326948718963024,20.8120631399684,20.95976810847899,20.95977757388742,20.701893845149662,13.92621742805424,14.101151305151305,18.97078578030169,18.43831545077216,18.802994278207628,19.586539816928216,19.66424357266881,20.571160880930325,20.338704193675053,20.246129887965733,16.21053454376398,18.728167889560513,17.919325653200538,,,14,1
sub-20149,ses-2,0,11.1948466759018,11.23133755270676,17.99088402950582,17.444381168892807,18.262486506561388,17.051441068626904,16.957336267511792,15.81963841811731,18.955448168508447,17.337576963735792,21.110361486666047,19.69560367621525,20.288187855830135,18.4855447959217,9.371446601374796,9.860659357579308,21.064462859322592,21.491758362572327,18.69796671661308,17.24664843717179,20.484763754843858,21.428739449732927,21.9036662525049,21.54997677564089,21.63691049395262,21.14184118847273,21.5103512671383,21.076742835689643,21.393024867890663,20.84217129723516,20.973018043137383,19.941372914453503,21.42638101126863,20.908935816563876,13.395673022352971,13.976711816963997,12.841729087257743,11.9214473569785,21.22956678805359,21.237156090447204,21.139344225462388,21.38843284813592,20.741284361483505,21.463609606451545,14.442428970648349,12.855169663969916,16.63569884486293,13.460047707367613,16.95809996560408,16.6965815366172,9.914088796381844,8.748456467645045,10.502724937447358,12.56263036627853,14.47953148902228,15.45245578302427,19.171530888251596,19.7894898920788,12.128342035130476,15.637733580569387,8.112105120404417,7.343350006461105,11.410937101062515,6.511376924457112,12.85922453909608,16.72534995462202,14.903226228747563,12.616800137215805,12.913573974058256,15.244337266377215,9.861357163522076,8.343362953636966,21.242936957312217,21.264749647966397,21.536898059901944,21.83335647408481,21.488152816948944,21.09612975149506,20.16263093832777,20.734063376685786,19.68103406190144,19.792275419760536,20.571078507176153,20.04993586923822,20.147144623212576,19.25704519404381,21.40149104379049,21.324888338575576,19.65788805848979,19.821840187869295,18.13549963002052,16.39609320957273,16.885662107170855,17.677965328460626,15.704385355709002,19.130677156101022,17.93852251360796,20.541244762946885,16.02841181195972,16.39549652478635,16.72319754946573,14.38075279995457,13.927556118841853,16.517780844072686,13.017588813983506,16.540564851616644,18.691110275286263,20.021124926230183,15.199252406908824,17.73720455839902,12.347377986456005,18.941990782454944,14.027248592634464,16.342105537050827,7.86719292552562,17.456572614336906,19.398049315268068,20.298350533580088,18.649788945569423,18.931940525068537,19.95858670492013,19.522110652918887,20.74528718170218,21.472307964394627,20.84556917792631,21.25399725025253,19.306712978611273,20.491654207660407,20.10418578690548,19.975842333436425,19.70031880749384,18.868315900710208,20.092227451118788,20.529683358755197,15.206038291671298,18.970865483628653,19.281352340847334,19.331051774687456,19.76180819929415,20.720683374616655,18.72136123569792,19.40788034320902,17.638040777319087,18.68117376528645,20.68755261378906,20.164968111774503,20.725147475619252,20.566204327306156,17.874243569453903,19.64728435248092,20.97413277421156,20.74944428601623,19.08655638230616,16.666902282762774,19.404355448616947,20.27907117421209,20.703591863120568,20.43133085851536,20.710396490176596,21.085573499038254,12.470588079710089,15.015776496503696,16.584464099445835,16.387131959768595,,,11,0
sub-20149,ses-3,0,8.62542830031369,15.129909101782298,17.67200663271004,15.395563499901654,15.345692368872331,16.855918822622925,17.575439823687926,18.66818900770151,19.41853194269576,18.72209530357737,20.40844107435432,20.29951211568589,20.34568557440397,19.83018002857176,8.829533795668512,11.01403434678171,18.370186788026224,20.921728041457257,18.96338803054246,16.453927522548987,20.89260147329401,20.989689884498347,20.637336180086244,20.32323347196488,21.184732160093972,21.16089904618769,20.596169608480235,20.250176000048427,21.237898867551294,21.098849326441467,20.512776422580377,19.403105761187113,20.56621851524743,21.20258824989166,14.419573627597275,16.867010265225254,15.189900410307922,16.75228346748018,21.081008122373305,20.44049535260039,21.538567563499615,21.537650211972252,19.520687758966393,21.655307337721307,16.980910171276395,16.01344292244275,11.969233520721632,19.554557561235068,19.792784411753537,18.29301187490299,14.210224443067425,17.57579174247866,17.418723341108084,18.47386605294232,12.638988895702807,11.688172411260146,20.131919752402755,21.096266831627087,9.822378728300563,18.00642750182627,9.954536689436347,11.421432858612786,13.725527945230178,19.77559688944095,9.408103522503204,17.05420778959732,17.11436934061345,20.52593394442213,13.810161194886486,12.6657884689752,4.773107978933095,7.139142359111457,21.42033195703092,20.933289609311213,21.756690394398735,21.55137178856046,21.200494384688326,21.021471477605076,20.088946375333492,20.45480447374458,19.81963970504487,20.700727899813327,20.30131724269143,20.824550671885905,18.427768750752488,20.704306787007244,9.962613874869437,18.561260392340404,17.64886796356972,17.38024847117367,17.49875986406553,15.791887736454754,12.112241726302384,13.849897749256884,19.81386399346827,19.270977065081635,19.027246806437734,19.3099771618648,15.02285577522088,19.72764326876692,14.513787441198255,10.981183046849544,16.062248570739683,17.552519065721235,14.536916760596656,14.355404566997455,9.937926407980996,21.263875500195912,17.525092957244794,19.110959121682864,18.1901225385619,17.010196533935538,15.536380382759496,9.909486703678516,7.550743703990944,17.965379366915318,18.640235712071338,14.86572113151376,17.238249463029316,20.475363975150536,20.145980443880287,19.55377461909657,21.63885138591255,21.495996516056827,21.125129604582224,21.042322904497397,17.087592523046748,20.966045907132305,8.858913646524854,5.4899709292645476,20.14472115565101,18.94579963981468,16.836908447915825,17.87361416909156,7.778879421810777,19.29030721507149,15.06187803350691,11.734551091658572,18.251363854204733,18.511838932321616,20.98093937634026,20.96511288946725,20.21309204666562,20.469640821987547,18.71294393564612,19.982717437312665,20.768282461087775,20.66245750859261,20.4407634528513,20.22565558797948,20.771749826782266,20.97139269672481,19.678189812352088,20.87362540170703,18.09729277662767,19.869620623567325,14.397528555692665,20.99446419966228,18.77349461264486,20.983423701391136,18.266287290726577,19.950840113540345,13.780016745502218,7.821613288508397,17.348090729477224,6.827492812357166,11,0
sub-20188,ses-2,0,19.648208004070177,19.451323233842167,20.246493222588473,15.45892659924358,20.230146721071005,19.66434192242329,21.287145202910907,20.157396123756165,20.295313393397155,20.50194803273869,14.982162912335564,16.601923143582248,16.142695080167925,18.03708726746417,19.694851034214363,19.035852200104383,9.578021117041532,11.26249421017734,20.642482033568673,18.79257452506771,8.161610877893667,10.183091847718744,10.255408704113778,7.567856905355631,10.990624047548629,15.65319001265221,10.030649739736708,14.3598563383582,16.163704432029157,13.506045618114316,11.251644985137313,6.912956502819107,20.96778227402301,21.3828771402786,21.07404121926424,21.061278286226045,17.573306682643064,16.679927624567867,12.586871579620182,17.402701797588694,11.035566441003931,12.871315624972,8.15640491292109,9.530453039520625,17.027890071659613,17.72960253275496,4.025775577807339,7.118398133496272,12.291868079325509,12.81997848845877,5.840726805908691,8.191653674170299,5.510354310519416,4.772107751653942,7.246462933408825,8.773866146243988,20.303863240907752,16.003780177276276,20.226355606482784,19.90194468749199,6.314084792031621,11.261102755661836,16.33474464104534,17.1434532062068,18.318534403816408,19.898820758925996,13.244512704533998,17.52063602136123,10.804436311242204,16.186653419044042,14.668131444395838,14.998400806317465,17.74679414353276,21.108712782577992,20.808945465226348,20.79254389956131,14.140591483286,10.096674125629528,10.342201564252749,17.23933993087473,9.578079761977312,16.8800095890756,5.184616153811829,9.670092605675588,16.898252668746867,18.33499567563828,7.428671540273315,10.95334800671904,17.221252026417673,17.93039514187943,6.998849737758974,7.019119076625945,3.209905517424737,3.5117701423321996,9.032932631648803,8.936274747390051,17.55513706480049,14.571457524191317,18.321836220655403,14.833384740720978,17.021017435417882,17.71104394997265,18.15683531837239,8.193482062153244,11.911336150310504,3.022940417319539,4.245416880558541,5.3329758234555,17.64468196226108,18.29602239099613,19.634539596660005,20.123552958160875,20.273203747812673,19.841439831159416,21.138191590841856,20.394681478699944,21.34087507370479,21.25618653904069,19.53410924902427,19.28310656228557,8.88946706866197,11.213965030873112,21.31506771608188,20.31803165025906,20.966030923265684,21.066083250955977,14.393646880960452,18.95306559019235,16.799848058978707,18.193245159058943,18.772209798220818,17.355358631432235,21.35112853330544,20.98985611827921,19.15155288494558,20.76880768206322,9.249857574119568,18.93400290366604,9.177607610844788,7.84731448352156,18.26585613695036,16.664929231219176,21.459369502782057,21.297309555938845,10.082186854791493,10.789920352985773,8.896999360301912,19.671466031416134,19.679058518399803,19.821252304787087,20.14181225890635,20.518269479760107,20.198448891729583,20.727147424659275,10.72574698366238,15.10208655113402,19.005677076361465,9.901475205249453,,,,,,,,,13,0
sub-20214,ses-2,0,20.676495287329328,21.08173201639185,21.202115460143546,21.923143071973527,20.30834688977922,21.426835759416637,13.18147330300145,20.484641579593255,16.154570500273064,20.85397342992804,12.21398424499926,10.199496770933978,13.97896110021328,21.094412795266916,21.602967290840247,20.945360117468148,17.51584644425916,17.708202448530955,20.782595123972687,20.886298662536667,7.4218472217284415,10.117271123859071,6.902490217502921,14.738590940176511,5.4004489908827935,12.699551627660249,5.728509183843924,5.131819346770273,13.277873622680318,7.436642347533541,13.628298883350183,12.641320148454692,15.119947931711204,21.58952403270261,21.673139469963782,21.05466521543744,20.96521958775036,19.346039511278523,20.058599583313185,21.766691848721603,20.178099491265147,21.25887789870313,10.373887109357312,15.456355667803493,14.155527065253612,15.775919806243316,13.92825219244591,5.148265601208602,14.778034719820386,17.528642306083714,7.900384458379249,6.616615526986298,7.602299858451562,7.463350653087479,13.4015919725443,7.605372496702184,15.581701656571916,19.95725080650684,16.112120074270045,19.40488708945813,5.649454546416603,7.570051790795453,14.583343473211356,10.293133713970391,13.828575883910217,16.552702529527537,8.612153451097937,7.737047029362412,11.7925870635969,13.428973906560511,19.35222408291818,16.950092024543704,20.385698727127643,19.18320461778107,13.92387467872434,19.72183536857194,18.115632710848523,22.018985511980325,10.682203848588529,17.27894261799989,12.350396759411254,21.519846679859967,6.369362354634994,10.073379993247226,13.467310441693265,18.16120842267288,12.734415266009066,8.72943297984332,7.892765927262657,20.11964407337775,15.971021573465292,12.082879899000655,8.180078658756592,9.019461516863691,19.9011058772288,19.609770157952056,18.811665304297616,16.027954999442453,9.995585687080728,11.328599296818869,5.718379267695337,6.02232508853872,5.85979186593683,5.9479976637189385,12.861335647911346,17.354781912500652,14.657223618334893,10.477264192593935,7.047326159011272,5.467940102594513,10.660347175912577,4.937230751578953,18.90496484386392,20.117971089828483,17.6666770049998,21.340229553033357,21.64299180631247,20.868389437420777,22.152036414243803,21.6922860726537,21.410162510479086,20.730477698525345,20.032778432754185,21.43626745365121,13.86782992870626,18.79660408439249,21.68094203986478,21.768234210954997,22.219640951685,21.273821445416452,17.128937859382372,16.333009413861504,18.18596568011537,11.7645093687806,11.234443030753692,21.279109052992805,19.10884582575449,21.859505700824855,20.303247511281405,19.91384034998598,14.617244600851471,21.612093853803454,7.603171759453293,8.785302436421574,15.933739657255916,17.519010435322286,20.693542687311147,19.924560862697906,9.462412337936168,15.04621787893701,18.93936037061084,20.002157141998417,13.937652876053775,21.433802087603723,18.398261200677993,20.222077165350573,20.838062921274048,20.261361962949017,6.768428819276066,9.427694745381292,17.41119692346706,8.996550520703146,,,,,14,1
sub-20214,ses-3,0,18.952987104939105,19.61686505580735,19.926121465856173,20.621184574792117,20.321115835020816,20.79586571932291,21.42428823738559,21.34273945850727,20.570595821900906,20.485347730290552,20.36531371396971,20.621768183441972,20.992135894280615,21.569152280834945,18.441781701868415,19.21186460974864,19.706803867287757,19.748541907437463,21.08542270946538,20.39265427747548,10.893472099373296,19.80874079997801,17.694799530131238,16.442959725411452,16.20367861447008,15.522421400219724,17.66954894315583,18.593365704025366,20.721468861063663,19.120373415584808,18.556797967583663,16.733504576158246,21.829570239209534,21.78472158697685,20.95409961827015,20.767796749803452,20.93469586717655,20.531266236481876,21.14951317086987,21.78679866840784,21.35946185321424,21.873942870567188,18.84382108363583,21.00562744343877,20.45199256841091,21.17998045357208,19.393573526915112,19.358623249348685,21.3663588278924,20.615426527309772,20.16272255839877,18.839978297385027,20.544479883595734,18.20226512206064,20.952628526108256,16.73909778329942,20.49290887398917,21.14950541659929,19.165570366362264,19.77031220349452,19.161444980037775,19.680011242913437,18.100006468194938,19.378747484012592,20.06349445087168,20.584119654615694,19.41427878465756,19.67332487693237,19.66599871359141,19.945561817888077,17.915143861429875,18.026134517903955,22.58149587846898,21.670916136625916,22.67944815373152,22.23527502995029,21.918621405853735,21.60453791783536,21.100485932806254,21.453617376369504,21.052657459532757,21.13256890002567,20.36408520677275,18.13649598144387,20.79850973134543,21.589872813176527,13.34660916000406,12.5036151382576,18.33752168739989,20.35916670970768,19.20745364971561,21.51683189374669,20.01965648563031,20.099609261557127,21.28092568433292,21.335351858602746,21.27162802928019,21.302937627289243,20.057129633820775,20.377266166837853,17.47055039778088,19.52198254161712,20.295134955440172,18.570234276301253,20.530974820024337,19.85398023295541,15.03188073180129,20.673112301101114,21.52789892076321,21.27160583177713,21.07966687697508,18.27400203655227,7.948017484897191,7.979548038237358,8.633228286735807,18.21946855592452,18.078567656861587,18.094263868188367,19.259458472738867,19.644524530279195,19.94969365497885,20.880274879585105,21.62594805425489,21.232500891236867,21.206733752743116,20.5720759709678,20.14564055673714,20.325502550100893,10.739431295152828,21.5047545117429,20.75836352164725,20.608259406670335,19.8303001099123,20.682239124976157,20.66765032751118,18.54264038732721,18.949671806198698,20.687129863305582,20.570703403183852,20.37129848840444,20.32860149792363,19.637087005774617,20.079609875995473,19.123103145071507,19.409085807211767,17.436721247545364,19.90232265657471,21.061394858762565,21.12366666246239,21.776048846948253,21.26668390322312,19.96853552406599,18.92528005716756,15.459015930044975,18.558209399627003,19.814763892734003,17.825969678615024,20.147432086056533,20.063213944375207,19.41436382871557,20.466888456286316,15.435459094987529,19.47741616673296,20.926707595702663,14.976213119105232,,14,1
sub-20238,ses-2,0,19.964672121494523,18.846616015295385,20.917222631999156,20.84358747061986,20.9071201954659,20.319849772195717,20.51782557340133,19.931325935326853,20.27868036637217,20.065736317342164,20.74896278605723,20.775067988719336,21.110280397135735,20.89365822165342,19.22074294219726,18.458460573082352,20.759920269888976,20.77615976171313,20.641237481119077,20.41867718902929,20.51091287989663,20.253031220157595,18.84443707192614,18.14063686546479,12.71537094813598,18.27036720844403,19.70336753866885,17.196939738523103,20.99134926287806,20.4773995533655,20.04355609970968,17.39082120359259,21.623302795852062,21.223601198736553,20.04726925773295,21.02479408869832,20.23782242346485,21.019359171513443,21.654953117169818,20.964235693803,21.22316830684062,21.197506819326904,19.281123047354768,19.320283474286292,15.565400481884542,18.077460809970265,17.340577263132197,14.836244489359018,19.749476778205977,20.35690847652597,15.096768721349116,15.444685199544818,15.766828931758155,19.20178992294325,15.997207925738332,18.46563708680213,20.861582738328828,19.75013670010659,19.70755075524376,18.90358179847543,16.914637091579632,15.522366606155988,18.23809666668947,11.814286317788108,19.843399265642137,19.738863447548397,17.670719576170814,16.271911839238392,17.3637896331628,18.394156227192195,14.983581331187718,13.687623208338092,20.99465886599014,21.37926442765344,21.3267618870669,21.65013810907639,21.203528391906687,21.23822604004846,20.74757637535347,20.996595524283013,21.01706938531897,21.157542760285935,20.816835466695377,20.15660953681684,20.521753533166812,21.041984292634854,14.50314810825869,18.28065621115015,19.559264081628747,18.78967678022203,18.191030529818292,14.824559899340064,15.559148094283303,13.904844811538672,21.04116434844902,21.514243375749903,20.5290670942959,21.031835600957184,20.33972376769171,18.355729613034303,18.69109169577415,8.61725899688859,14.26947223700433,14.802848008174028,15.681609634906888,20.6292376486316,14.25828701450887,17.08785415332173,20.51360783736858,21.002217367872813,19.407265856743056,17.524907457375885,10.98859675733876,9.33582214670082,11.936827328534587,20.18535899930071,19.89664899956377,20.910795400201728,18.796081224785173,19.9386108669307,20.998966890974316,20.752887376091383,20.663467015480556,21.255543790681873,21.06009703066763,20.315446617086796,19.865364672988417,20.98759244497147,16.03200370556947,13.289335128157711,19.67954830260192,20.49840909250406,19.559516088506452,20.697717395468427,19.86746514973662,19.305295124843347,18.74665531196056,19.316975599494945,17.563014401259004,20.817189163513586,20.54632679144912,21.35193560520304,17.500840915438307,19.42407395093159,18.6609526176432,19.83911916396664,20.3108840827989,20.511609515027335,20.117328928144563,20.07399541053169,19.451405306889978,19.50524576403927,19.970215899080277,21.03895788322968,14.968299096552713,14.22142632885092,19.807547682492988,20.9996661458579,20.800032829527332,21.18180177776575,21.04823640828736,21.74022251758855,15.45255768530986,18.227240180327588,18.367753652935328,18.092049005145928,12,1
sub-20252,ses-2,0,18.827307353999824,19.442514112357767,20.11931576003335,20.146042232196645,21.26369423880402,21.124435073750288,17.255765410553067,20.176323168446093,17.045623734995026,18.827982031005387,10.460894604639464,15.744867366402373,19.2987778432356,19.23172715048306,20.717488527453767,20.59477511967101,16.083578558814462,8.798182827246308,19.939548222725513,20.140494600799936,7.729237797766938,8.919055291344812,9.07165635546604,8.008266994813255,7.432680899909792,7.21324720310354,6.74573477806832,9.35420692932524,10.155159366222689,7.698359098967586,7.611056735299077,8.625136531522811,19.33139954203559,19.49399047384393,20.573503456121333,20.838497351263733,20.341489814708872,21.901481493431778,20.15620062087463,21.362232269764043,16.721750096691537,20.869170174196476,13.549742343673891,13.308753246319249,20.526224906951803,21.03386139626971,12.963326379791088,16.647810844231515,19.22459823264744,16.85301307273514,12.97852756136382,16.77809129513518,14.609695367442605,15.89499159461046,10.550721321820197,10.58996214429374,14.0606139551173,15.439290356485138,14.82740370895054,20.614118925156127,14.438306823472075,18.145788429688096,14.5011080055133,18.65395735725957,12.913033264984955,20.268154654992795,11.849414982021278,18.787210355551924,18.895981123941052,17.70610669384654,18.72984199276333,17.48026664486155,21.086120162422837,20.51348531971069,19.133512862072653,19.150459814748192,21.108996387471596,22.131058964895953,20.920077792514583,20.066743999744624,14.118574315383238,17.1557192947567,9.797328372854832,9.256283538919003,11.356614908142516,17.170193287578577,11.953846734533167,11.025726493064024,12.630627576531577,14.970073980760466,14.19474919829577,12.453134026282072,7.261923470155352,12.03494498743884,20.43874108863469,18.632495974913095,17.54861168435263,17.564120457006773,10.799368882033887,9.079644549332732,9.76959999668522,5.050635752204834,13.073470455979392,9.376126881676642,7.9813928810440835,7.819432379867479,7.966603068553597,9.25620144777396,17.351680800441688,20.220722144712234,14.68733495368286,10.386714868001938,9.702391225905886,12.058970816715972,10.544386911127802,10.631654978926557,20.246786888316368,20.273961549643772,14.20455542131958,21.652292942968305,22.19414235501461,21.147203760135454,21.583999570845496,22.473812577114728,20.613876088962073,21.097042517290728,21.243921475902756,20.515536426597244,22.065425636647568,22.197957503286208,21.26770870727342,21.41115306977822,21.306705721891262,22.6154829383423,18.886479014889066,19.130586484014316,19.559737678469652,19.6702755749616,21.429715253214905,21.75058465409169,21.756210660696095,21.991965279915235,19.693932771054396,19.045970208186425,11.790265820453858,9.924636530238644,20.183536244995075,19.99923813310977,21.94150452660775,21.501099474185512,15.439877221896602,9.809497635752347,16.00105447014166,19.247731760843855,20.110167724273253,22.211269103935237,19.910014685308415,22.716155510153808,19.49530992765047,21.79453186899421,11.648858849184924,18.04325001151117,12.30233448121832,,,,15,0
sub-20253,ses-2,0,20.43072614499756,19.574322335367256,20.611446420956995,20.48253137482893,20.726049683877612,20.509513786243083,19.52075327812845,19.62765343427773,20.700771958959056,19.72582569045816,18.721947874194345,14.180615313974856,20.641175458769432,21.033454064851476,20.181972098139315,20.604911074702553,10.308264368667029,8.252806979739008,20.399678962165,20.21393532123023,13.55047372874158,13.185305162133236,9.802450210924556,8.380569907848272,13.317123989760985,15.08820899121612,10.66152999106774,8.874907891678475,9.554185788310274,9.53048389581084,13.986236902446423,12.622052912937171,20.51029035455478,21.629387394970287,20.24139014420677,21.0878215863763,18.131463940886135,18.76739351607452,19.593738356367503,19.186431474741457,19.25057280837683,16.652427549614007,12.032382806720886,8.699733664094646,16.544248952524278,18.397644080690583,17.65087426760475,18.43457529253589,9.030127893063115,17.336746912179276,9.594001397403968,13.651157464625554,12.949759115883555,12.02069767947516,10.149115379912685,11.171657305800288,20.80858949470144,17.702937160782888,19.37826010594228,18.773064355369534,16.716476895053155,16.51508493307504,18.72991006886973,18.879898905058287,17.872623416525958,19.13200167645734,17.37931787101593,14.826804554785246,15.057116468275275,17.887782376768314,14.253676885269709,16.32837660339233,21.525152720718463,21.44686535315878,19.811455888020404,19.913694122546097,18.370740195989875,16.747834654625194,19.48068782539747,21.18276857499808,17.916609629039517,18.754861406761194,12.017720881411863,14.21762113070232,15.241849404606008,12.120680924024096,9.616648636090968,7.294345177143498,16.574012955969348,14.663994333944288,11.708819519880148,13.103467050014714,18.600081704031556,6.254616868752734,17.37931720732211,20.70483517038075,19.322655004252308,21.033785725308597,13.626466520386703,13.244913456378413,11.54962029922121,14.05228379025112,6.369457970471631,6.968288307273902,19.16880882087105,21.325704390329797,19.57835008689236,11.698569447532702,10.173660375662951,10.839269500319364,7.735438286437082,8.749666961954544,17.38157745517746,18.466642212575128,21.066761384723645,20.30943708019461,21.17200303496733,20.211059768333055,21.524650012712744,21.50769544496903,21.580877898143452,21.30391580881976,20.015064590875067,20.506547356189262,21.594579748799944,21.55728142996917,21.197428390708776,21.12579371663719,19.3091584964644,20.868366188236298,13.636696797782353,17.099255818490835,21.27077656440057,21.328358759100148,21.634597866593264,21.502932780346217,21.7084392945731,21.259030918874412,15.678598757891022,16.9524189888758,6.7784794260388335,13.172808416310309,19.844592153352668,20.032952794193328,21.278776014865883,21.748633119615263,10.517548215250557,10.766536966813574,19.63689455157018,14.73706936723356,21.35557256098699,20.299807220862466,20.883364188311607,21.637208005847924,21.487573344143556,21.260884865079863,12.159095170322376,11.328337064831697,19.297259986542564,14.437353746442826,,,,,,,10,1
sub-20253,ses-3,0,15.1631655269159,14.843015979171543,19.70429022816406,18.030493205728572,18.61377924011446,19.17722189415676,19.188996036953792,19.800975999542707,20.77718148014908,20.470212025726173,20.471274948368713,19.59602983953066,20.77783094422082,20.76637123102165,13.290644675725051,12.22144351813541,21.572205440452084,20.773257202532186,20.74420723852571,19.624676791474354,19.45152473798393,19.959120869833946,18.500740900271033,19.00723635981384,14.5666907072685,17.724294334594877,14.446773142630716,14.617295186311024,20.808962239155395,19.323800801574755,15.48660662591411,20.801880812054844,21.51340068029948,21.75722840414623,20.130332208675775,18.882221261083945,19.23499211352109,20.256229306366787,21.402071227455576,21.402994325245867,20.678258780010875,21.02223009036596,21.533043114153507,19.52013079796548,18.02810056184977,17.757201925993463,18.02882509367968,14.657838315503549,20.457901346430173,19.486283067766205,12.82202536788504,16.510904868383594,15.016119168391985,18.32302340395153,17.314251215603107,19.023265916933745,19.979632906366923,20.694009141894288,17.418021766964266,17.90309748950731,11.56600535182725,14.751453426684524,12.609991627932953,11.418250162810653,16.812699379079298,17.862194545461016,12.799293825256182,15.988216220283435,15.28457890215208,15.623146332278717,11.571311860880224,6.005222688202767,21.503126786609,21.023130285957592,22.147500238904588,21.565554542579793,21.84736750474263,20.775378928669426,21.26019560391961,21.67786782331411,20.711227066704392,21.055719460399946,20.210926348313517,20.031525563205335,20.953507818093232,21.396427102173252,18.20566165440526,16.124722718185907,17.105351766398257,19.766259096518784,19.34899674588805,19.765403494703012,16.467339782047272,18.361962016741824,21.909021122471778,21.25269816706128,20.912751210025665,21.458659874035703,19.639307756026515,20.88036960257847,16.5100969549613,20.08236562934502,18.999026911430093,20.126709650788413,20.62633939319116,18.52245585313655,19.813431841799968,20.364582695757957,20.557289440168493,21.3768929361547,18.936033832289684,17.891363095305362,8.022362614659691,17.996481364047796,17.506908881092237,19.84607760039002,19.482009371191264,19.92554977486851,17.24436552739772,14.604701290109311,20.753949225600486,20.371710077383845,20.370764640686247,20.96937868892909,20.08049337443805,20.60694948449562,19.740278643730058,20.423385335671192,12.476554317614438,16.012293965155887,21.28852063222494,20.0490134608149,20.60253143529872,19.54274339545474,20.280613204860515,13.986088865427154,13.478635472986356,17.43259421769783,16.769812392413563,13.632714258788994,20.307337147295858,20.379844835649926,20.799794285439305,13.879369933192676,20.178623532726455,19.74964225314736,21.53985412828519,20.96136603844514,20.3475970054015,20.203604127124777,20.48881483792387,20.33005178116401,20.92011745920947,19.135382240174636,20.875975829649743,19.880845091721888,20.78177944991696,21.144025091674905,21.38436937846487,21.018368210849456,15.621722390402375,14.80388647158955,17.827626652345614,,,,10,1
sub-20258,ses-2,1,18.576685765672185,18.19322352106728,20.130849599911347,19.351654445498365,20.90891696001739,19.78154279253413,20.894124683414145,18.523666277764573,20.910428026320908,19.452295952425263,21.706278561807625,21.619919059713,20.3730777746884,19.915833598542044,18.0956588449543,17.91511201843761,20.544570154136643,21.634647219096433,20.97339785096951,20.27507639902423,21.21528156283397,20.96792975665953,19.508190806194932,18.88102982855171,19.28305265875761,20.91358964559013,20.995931954929933,20.172537663593843,21.39671484462646,21.088749589202596,20.83480433770513,18.66434449603269,21.62563676170176,21.748004090673557,19.84322447654733,20.140540924968953,19.41600141829816,20.19574767650745,20.780355070177592,21.11530581229885,21.025172720785836,21.269393134265883,20.55487819914827,20.146995988779512,16.148709660552736,18.785912161857425,17.18369686335621,16.999165434328617,15.218562996754772,19.10692016003556,17.035272051798945,18.73013395929705,18.480977612670493,17.095119590407467,12.696707897543586,10.535304199344084,20.015559667886397,20.01149209699417,18.828907913816792,18.694172596992964,18.316060554422965,18.863132686897515,18.443254861645883,19.573320408753883,19.136142900870624,19.061975224587353,17.14764935375008,17.752280872660275,19.034397821670524,19.682614715902115,16.486320277371618,16.032000445173693,21.188193833864037,21.408317728579053,21.26675920094201,21.505619928525302,20.852618619712683,21.335221422479904,20.14958126780637,20.265508992245287,20.520533853149335,20.26446832405676,19.959771824594988,19.66318460740302,19.832524301951672,17.899902938685067,15.958595496651162,15.173399863008214,19.044768335889884,18.14809318023849,10.53769644549348,15.103877728509651,7.897539290116383,6.727075089547384,20.658062089687487,20.29572612300808,20.174813740371505,20.205228502912576,14.991159229925938,16.901949796085326,8.424308407467835,10.263669094680504,10.428571727237175,9.017828151007995,16.97154645050054,17.027834439059113,13.129204401489242,11.925621889475012,20.202402759705375,19.937250165562528,16.642843913994906,11.878654904831665,14.008592101795664,11.8705300981977,13.542842329280564,12.684376556552948,18.57569829906876,19.96399601908399,16.721465344643786,18.241335320083657,20.17408362035974,20.83502788545686,20.912336865649895,21.16906579766128,20.358193263776275,18.829071978263688,20.87390682215505,21.027090686004552,13.24280123136464,10.58886460624217,19.8896545023638,20.57932043245643,16.695795886476528,19.990965923273965,19.315349414553896,19.637924511533463,17.575308791324975,19.68166922815764,18.974490042160152,15.351015496355862,19.360099801362814,20.45019295857772,19.660897338768997,20.09554659302388,19.127297318214087,15.706849175950207,19.9704830888497,20.504787334064304,20.74275820494207,21.02434072790066,20.332821000824815,20.461596395834817,20.06995225894604,19.821052893344486,16.598168388860252,13.167085888258592,19.302180025240656,19.14619083676866,20.46592727707559,20.914224816553,20.318722620406646,19.742860517298553,15.9795891246229,16.05225848808645,19.832729570877227,15.871113386879369,15,0
sub-20259,ses-2,0,19.360560766924344,18.386772645346905,21.15433181983654,20.65028943506334,20.44820166436889,20.296242803442738,20.5859138387678,20.003364376118583,20.60628774156297,19.28107124641815,19.045883340730192,20.393567581251514,21.0238006475095,20.94993062410557,20.54790376364985,19.255154685254443,18.74872642206519,17.640952799517947,21.178502378112334,20.46468397036359,12.183311292265,9.586135229196842,14.840586624262308,15.834801528113625,7.834968573733976,11.209437701610554,8.754604065958613,11.146814932812354,13.12148830864177,20.041407925707027,13.917937671606046,13.704583849272804,21.561121389231506,20.870156177594232,20.586426629180657,20.419042822600822,19.194423066737972,18.96459233431818,21.24623360301188,21.232738631568672,19.481032146710724,19.795615548975825,19.201804864115203,17.677573052264975,15.32309092000773,16.541129970209134,12.396068623229697,14.17899441303075,16.763275465048448,16.920286489869518,14.008902770222129,13.568616985925107,12.23347993822211,15.60954595099094,11.127920330860618,14.807498185855408,19.077307552846623,20.033218803037368,18.366426065755768,17.574994349004974,11.075752079136665,12.32217712481976,14.88588292191514,13.401500112326612,16.938124662905786,18.26368230510845,10.220146458034291,14.668989666062684,16.12407295802528,16.398978043195438,16.680671062179456,13.49965113129314,21.31176052412325,21.3560623615767,21.20895326833698,21.500212454814974,21.082639904292055,20.57208843184097,20.909362688610713,20.551079402939376,19.274785768598633,19.853237952966847,17.991219189827515,12.124801329567426,15.45875969172543,18.987743924263583,10.173698923834,8.719086493582573,15.858259310981044,17.92993540302702,13.377434469966284,16.821248057294657,6.425013232313544,11.142195825424308,19.39688010727639,20.78329826671548,19.0054511897416,19.272018033083352,14.83129546387253,17.02193788400344,9.435924029144136,7.681602969866334,10.033909962941838,16.87585147215782,15.6293402941971,12.985100804636367,10.597110245858918,10.58110179813208,19.775094260914894,19.41486931232278,17.006758826141326,17.896602327618833,9.345326952847536,13.982688357221296,14.344752051978316,10.057257128424617,14.24234973436142,18.331373422862793,18.673553285316743,17.758666381392498,20.20966988253915,20.065238522084123,20.999574048691706,19.788902974109806,20.13616654936105,19.854613549075715,20.728087462398666,20.946484051653247,12.185049068766876,17.203201064297815,20.40649584142298,19.81822084565519,18.76499333231544,18.766049340745337,20.40531936879692,15.846312012093836,19.68262252408976,19.115243361314796,19.97250395972292,18.698463946478327,19.11729400767345,19.816351744252337,17.219933447187863,18.108953429873036,18.132067802110225,19.86661576528913,17.519914883560688,16.683849304699745,20.363079683430495,20.81901734349456,20.716776497557593,20.29409521038045,18.388222837883397,19.50733446462893,17.263812068184357,16.47400548450982,20.207140024676285,19.431424499018057,20.75527562423695,20.959465551186327,20.628127928642225,20.65376915886822,17.195185463584625,17.736181997105923,19.491165044390836,16.458404953067802,8,0
sub-20302,ses-2,0,21.696217951520953,21.470481238796676,21.035539801682845,20.484036472473676,21.800843709515203,21.465866450711072,21.60724056768613,20.779958370422715,21.351929243353386,20.045873791754136,21.362356353021553,18.56516112164008,21.088296364487633,19.1116011076445,21.00933658896719,21.276125668651854,18.859304459712455,16.47812397966462,20.045640578603347,20.02309134333315,16.477514334086983,18.725456963188847,16.551817668267386,14.570964350554302,7.002637628655994,11.295424943944653,12.291977248506706,16.395095030054204,14.395363457160196,13.473444215762209,12.807934332012463,9.18479735050422,21.392656842326694,19.87357149755785,20.841995779358776,21.344453220704857,21.12360961195543,19.57955712972659,21.429302331417233,21.635958367391176,19.42679098493536,19.645857765679725,19.54104547245777,20.358194679298123,19.611240189981856,17.16469539585901,18.647189403343297,15.114530550217136,19.212785372368167,19.364369975461624,15.809086842060776,13.970403131916097,17.828009714651312,14.87331348466534,16.825315925238343,15.505607349095843,19.607508997506457,21.62453926951782,21.022741722888338,20.9054559611726,13.77591687628576,13.277543882952465,19.623347816529563,18.20159957532975,20.586056743468703,20.23263368427306,17.335085816018953,16.154917310710527,18.389348596992765,19.65679921404099,20.20035852762177,19.46326539881379,21.443024182850916,21.460976979610383,21.26882996905519,21.33235893730172,21.705651503357977,21.353922431723255,19.524785646012223,18.15484506682419,19.470238284202257,18.997241631364997,20.18175292114939,10.716863384257175,19.151641600928496,20.97109107902058,13.336675545378029,13.06388740991045,18.447208910165237,16.82154053795626,7.088644501491089,9.621447634801518,18.49988284230955,17.196285438970733,21.105804007962373,16.89660785109633,14.541160950696376,17.59437477569181,19.308149423821256,19.997610757339913,17.623121568672513,18.99642514483074,6.419809185308055,8.582039991031237,20.376969387576132,20.58034332186506,20.159279230598397,21.01104737111907,21.33841197765607,21.224095592295612,21.73768182319264,21.89763674906657,22.071556525718133,21.949336178996152,20.916147206518943,21.242650291254083,14.50318179390417,21.62642224910812,21.373190091483156,21.270838120484804,21.34329817119719,19.802178122269986,18.722822507798945,18.0184962028332,13.645315995092933,20.487568734419614,21.525442318409123,21.971606022587956,21.95721696881867,21.12583215053372,21.040708075083177,20.959164041539893,19.80922520423718,17.947795136308862,18.990567895402336,20.73195545894709,20.62783053239646,21.27339212964675,21.395717665865988,20.29758740747495,19.313629955431555,17.825032682029057,17.782146819079543,19.359038829327904,21.14661212645114,20.19921528146704,20.984810688428144,21.191820841115412,21.732178880661685,6.1976469413699,11.18962996986784,18.637783014018694,19.00822289558579,,,,,,,,,,,,,,12,0
sub-20303,ses-2,0,20.18224098695328,19.11373736082487,21.444150673651095,21.29374098592863,21.244634489767662,20.857290098894953,21.573140566901216,20.497140535191296,21.758231851962258,19.891120614389763,20.19994696810619,20.643693490912693,21.25984309564583,20.602551090311785,20.28495746244152,20.364226188357357,17.007221880063444,16.992364450585956,21.017575658507393,21.162144662065543,14.70033709600219,15.539176620119797,13.322245384246926,17.134228939235676,16.380813785791617,12.58590887180474,11.134547467593816,11.025396637371102,15.935933102478826,16.319341385210638,5.978982837979414,13.08216205854426,21.337620133700476,21.137487225483024,20.731691313514656,21.040768568710273,20.51625117977377,20.107481118708947,21.281461525230505,21.676191699154973,19.49152455876273,21.224373875359426,17.658706604322493,18.53396914106556,19.52911558793911,17.876884780752317,12.672378119291553,13.956187599660591,19.205818420178325,20.569499631399697,15.56072549796459,17.002453778992724,11.920040276707674,15.640499523988856,12.784051368675712,10.449695123937609,19.07755606989561,20.633975424132537,16.077205932386864,15.438698008894413,11.87455182603284,14.293447104501752,12.376044226863335,14.41003046771603,11.332296756530596,16.24900005724823,9.808804363101164,16.47609458656931,15.99189410834122,16.927555963863472,15.173019108398629,13.328592046945488,21.95974495298962,21.7590918081292,21.37254862257726,21.67508175481663,21.638458882699695,21.85697968482749,17.963459593138047,21.792411059667007,13.510973484385609,18.606525376679585,15.2897289421033,16.999191901473573,12.752510552892044,18.390968242820136,13.06227718711218,12.739030799346168,13.481885791264096,17.659292368349902,4.700991342775646,9.542738185049888,9.233837737979526,8.4323065989423,20.884068782518852,20.967482447484976,20.608717206469272,20.359303873509084,12.630785208159804,16.79931160819036,11.166503439135605,6.528303106233796,7.450303543156811,8.603359183345741,4.299889852668023,19.677838281472734,20.17191991132224,18.48274968594641,18.23256672359954,12.207596752865626,14.161293137942131,13.5485280756169,10.890594493945278,19.8048858114579,20.58428771180285,20.81639990972021,19.920728756644248,21.72713589733739,21.06646690953629,21.620750514932325,21.594630041871493,21.57144547474676,21.317636440735807,21.141575662168034,20.879748764480443,10.543002113799927,17.672171124989504,21.742162843143287,21.752570491164818,21.493412687472183,21.0140150602398,20.889623601207873,21.231993074889523,18.514247944906348,19.751257450321575,20.61905938626152,20.827833292240765,21.08580915680032,21.276029181017773,18.18221038477058,20.837493800632178,16.1684329435321,20.381878957982497,18.5814373534756,19.44607936367923,20.698064671978425,21.29801444770518,21.24751346436844,21.361322594779253,20.80680340059098,20.084358900417648,18.417091761141393,17.047565913480067,19.18067996148177,19.739887149153574,20.47479510539166,21.42801445196749,20.303897671377868,21.19957649419256,16.894511188392794,19.071800835713383,20.467355564061783,,,,,15,0
sub-20303,ses-3,0,21.151391476446513,21.132864826772543,14.774298052492233,17.162069399683123,20.612669365323313,20.66999459424388,17.131814909647385,19.45130369835195,18.052690173857393,18.680142161967765,19.12821616044989,17.75495881553975,7.727785095903078,15.22029405032859,20.799117222257735,21.09487146352195,17.276020719719163,16.81865860945412,15.276059930740674,15.372469141979568,12.592163932000716,14.228828512317088,14.890957036792534,16.91429465465884,12.415009487785786,15.226187569371886,11.696603623345933,15.192117856650848,9.641902482550622,12.442526400506994,15.179563726542357,14.91241911723945,13.998055844773033,16.813033265916378,21.053330058404708,21.146826148280848,20.730216433353657,20.92016239067707,12.027007677151504,17.57212923238735,11.93945285037816,13.612212565348631,10.463715639393236,13.587153769414758,19.339447137602196,20.115697222320293,14.982771360257017,18.50975050320725,11.600634549826829,17.680612697517326,18.080970494015887,19.85540962116309,16.389989351902937,19.304020373822706,7.210034141976921,12.006019267870355,5.442675075343384,16.945518122359015,19.684058945466035,20.936096412131864,20.509257784229412,20.332983345522155,19.745396704671023,19.57972477102497,12.245867056592022,18.80761566207405,14.366496514160916,19.53013329017915,19.68652729474126,19.696652752311056,20.40864688438405,20.278566092022828,19.814438763140625,20.760003252513915,17.75043116592829,16.41775682661947,4.816977660508618,4.892309883694648,13.905659595086592,17.67909929414187,18.719444092809844,18.239296803050298,17.477153345450816,17.570421103311148,16.569420324952617,13.746147106525497,5.666911796463902,7.000678678612401,6.732078593796086,7.183351228084156,16.63156688173149,12.927077198868648,11.484873184473214,13.83093250821829,8.8683013711316,5.4378345593193025,4.714692050726334,18.275113833171805,18.832175287124755,12.836876393556562,14.959692783804083,12.160394212340078,19.27017514532467,19.59843452845131,17.988383188827935,16.553378662386116,19.766968717614823,18.83130557525077,21.318895708037427,20.77357656461279,18.531068831778644,19.863412108971616,8.538012504427325,12.734204041308772,20.71085102935551,20.90668612670451,18.301273939894703,18.73404848482281,7.676024089496103,19.510805375306404,14.73717531231112,18.271940380897043,19.30581622782837,20.8268737754474,21.254553493806338,21.81999772837632,20.426800964273752,20.312435522493065,19.37087987937879,17.967790576102978,12.062628150108257,9.472001386775997,17.36920334347248,16.949871563295464,19.726967358309135,19.726992956854932,11.858027883748909,12.093204765814583,4.6888298823762655,5.579059052947726,11.587193171227147,10.512449993974144,13.536597776193974,10.556837708519716,15.09665511449764,18.090262424317988,18.81839405493469,,,,,,,,,,,,,,,,,,,,15,0
sub-20305,ses-2,1,16.146057378549948,12.317087983799183,12.028184573845628,12.06783449493084,11.155841112591554,10.676768511711945,9.82807072154077,11.47085485321776,10.836580933123312,10.820398231813895,14.99604909494234,16.54289056995283,10.405431863560985,9.74553751542323,19.65498957872667,19.278381813939845,10.489260512536504,11.46022709347971,17.381916655956868,15.803171149478054,20.57560825742666,18.448436050614607,19.62591879392456,19.84265457447248,18.70690334111115,18.992938297658323,21.147923431124195,20.23757137572371,16.39140947265679,16.534712168973464,14.470050775896162,16.376725252857593,6.1553528776713256,5.008952407204239,14.064443194487591,6.913068030505086,18.63323757106849,20.27634150195842,19.47613831147778,19.702134456725908,20.24135412199287,20.731086478892973,14.689936586627548,13.843126718140857,8.916719865302728,6.51432753590691,12.92827999497288,10.69582494835943,5.8064435464272925,5.568550012799927,12.506930246944416,7.619302476435536,13.326183343257432,13.494069847750874,18.58949044687017,17.604802469262548,15.958036511374273,13.888430994705391,9.528849748173156,7.827481057911216,7.017649957547922,11.022884203417568,11.150526265765103,10.674219017118544,17.031148954539425,16.2618400255527,18.506486259201267,19.55957920482517,19.9319580281434,17.748701775834544,10.510114894232991,14.613370225345149,14.665777262668788,14.696662437121248,17.98808560508123,18.158551227857323,16.96262450638094,17.39966542971699,19.169688006744146,19.21678416409659,18.20404604017332,17.694900714031903,16.964351139883792,16.234473230918834,13.258933659583702,13.230191737537211,18.81910689279482,17.68172782589522,15.400606686920028,13.68550767834576,14.845053564805134,15.775536296089744,14.683495155788432,13.227970030131,12.809115789393692,12.361465413187323,15.03025179436187,11.19889498645509,17.686296722033923,18.677682813355897,17.839783772857572,14.6240864627919,11.961462577289788,10.123033631061068,14.017144509611317,12.853380339373954,14.21871373952378,13.94373849467194,6.3113396687715895,14.2275666982772,13.619174140218634,11.617746904886255,16.524853499829756,16.966869911898367,15.99198174612321,14.3368537853101,17.758562486033192,14.727995741421834,16.986568525645787,15.501627317381365,15.906108502813096,15.421547707836536,15.137889921266265,14.625739282687954,15.026520911101642,16.41246872370056,15.518792138639544,13.282190453525295,16.632243257942772,12.8072691415519,15.678326824300866,15.459179118379025,16.080120634217604,14.324501420440985,14.137905850123232,10.167035305101775,16.41243701913372,14.732075347528948,14.71995221194685,11.351122560149363,8.56451877920614,8.053644046686426,18.112922363910773,17.09363770120372,13.579947467045638,8.777700852159182,15.519077539351857,11.237975762592043,18.210753265982017,12.464334361972854,12.61945513480036,16.794406703730097,15.22275297454158,9.798751125925753,14.382474048287726,,,,,,,,,,,,15,1
sub-20310,ses-3,0,15.910480555733974,17.68488325054779,19.803719864606695,19.032495570109052,18.577535713675967,18.62423437924453,17.407096872496638,20.67237195320778,17.388465867302788,19.21782585412118,12.32548564683469,18.561438687694995,18.085296034962468,21.08379902682412,19.78068559410619,19.752641978425476,16.035420728571253,12.8373718724713,18.01832434477586,17.789491980530617,9.507576995472183,8.335468556113137,4.940229550427009,5.746016216692919,5.914381370216497,9.04443811798483,5.743661089815339,6.908698245150116,11.89777846546652,8.18441458976822,12.23918784622144,15.829501435894992,17.895992891779223,16.67886440280313,20.93885971830463,20.386714313105713,20.019092702333257,18.54960466518432,15.52365194693732,20.863794945493776,16.93809560443372,19.262304871254408,8.436283218072331,6.6067257192154,17.323799606031233,15.990733743612516,14.188982225428262,12.810948112287576,19.861161664628124,17.025206871439956,15.111692979960164,10.983421388812106,17.487364831917933,12.426731724620764,7.920611191222906,13.392285494596994,13.530553340590096,15.679215712047183,13.201859471095664,12.872320550525366,13.53040452276609,9.377143029178074,13.473841040730814,8.049318388921227,9.783500134964624,11.826083533088632,16.626847400740168,11.672992227987637,19.414015818862588,18.772128484912468,14.325513990359838,12.187904387321025,20.8002005077417,20.74491405150612,18.239366547816356,18.076166363183155,14.691783259202404,20.354716238883093,17.829491534898033,18.09833962188593,13.860063570755814,14.629409510414668,13.380695703438716,10.706627953006306,13.45372032452375,10.596672860468829,9.542338000993746,11.11476794048601,7.935762630515156,11.33684186099723,8.68211738791356,9.29603852139626,5.905331413731817,21.41815638520214,16.256375421339754,17.5815586038539,15.657592513327476,13.488714813833742,13.89594460353444,8.093933636275725,10.351314134426309,6.412036241754433,14.66310511065343,17.597208023502432,14.90405366632432,14.838698302779887,11.537403432175228,11.105088646875,5.749357799925829,8.882711070942367,18.227646248277196,20.86565600885205,18.983113500242563,20.610547922532778,18.883524171039262,21.044326165565764,21.394639558628825,20.968157475944437,21.10596124058088,21.33141060253176,21.48538187249317,21.253311884841636,13.354035996482889,15.996793259464212,21.365572876301872,21.39583750931972,20.772799404249294,20.926802255312698,17.83746408904936,21.225881137822043,19.68462582879782,18.45610992630975,19.542754808026434,21.439099823239673,20.693011549339655,21.391471126807502,20.172234036076983,21.831941145385542,19.98406972850961,18.65417610301642,14.49336859395306,14.959903829806356,17.27058791415073,17.575872602324747,21.386695205294433,20.74935979204449,11.864638796667789,12.18654713988611,17.19148737131739,13.850698415124398,16.31480711708449,20.882656033443105,18.748851841762416,20.739816895543605,18.495233801213036,21.007952584104423,7.284325185485911,17.01646464257217,12.570947759967584,,,,,,,,8,1
sub-20328,ses-2,0,22.03378170333895,19.19742331226412,12.708333155259398,11.178851862019508,19.13474919928698,17.126794037654424,6.781352532737033,7.290979021865023,12.77581994216454,9.418057497777925,5.036262197574592,6.573825406842939,10.68676490096801,14.747433177530826,20.16785074457517,20.20890599143902,7.314455250105976,9.151788691249042,10.029286598296691,8.981735454214713,7.28146960920416,6.273038825394639,5.875061713610423,5.770746705072515,5.172251169244218,5.006936985914466,3.715843001936398,4.034948721939457,4.407727781530195,5.20504061656563,4.811327290092713,5.223521200031854,5.226725787085291,4.85285569253478,22.22233485507175,20.60164844522539,15.774128707787328,20.986482560920408,6.121695424081034,5.8322896171501935,8.045469241112169,7.902851285974226,5.906512762065638,6.1360733927104025,3.3463130524677025,3.158484277516986,3.628259307277406,5.94064111613573,3.1832907212290653,3.442654912158408,3.808265799527792,4.463719511810195,3.2651786428151306,4.246774918441954,4.262847411786443,3.5684723262010896,3.7432053850114624,3.1588735407987354,16.40484889807574,20.958897976157527,19.07055118960686,20.887599275613425,20.105677045811372,20.782794231213536,9.666494085239345,16.251503652957016,4.505071934721211,7.17322467623851,18.47257377437408,20.425242940644853,16.9995549395735,19.525065424560083,9.915514752222736,6.847562556977855,4.140855363707307,4.166923306505252,7.864633948076847,7.652824373187269,5.972486370014918,6.718977911634088,3.5656012857490955,3.943474084239708,8.326741369260358,8.577292393908827,3.1647904260724276,3.059176956168015,5.829639819326977,9.938543493754686,4.700239200668247,6.100496033095313,3.7459430097740185,4.050572922608538,3.046288642874463,2.931341251891788,3.719932099928692,3.486084634719593,7.272136413066949,3.3305521038771255,3.8447826267446494,4.729059661302898,6.090307989143245,8.660370238061102,17.93346416729418,15.893879722131818,9.055167705178214,6.889909012186814,19.71207340468311,18.697140613717742,11.564873182487284,13.781199293104123,17.818322112054744,19.683549846830367,4.434824397178961,8.421065133570579,20.608715405740824,20.71743945629659,13.449447808992376,18.73434226245515,14.374565075353187,8.748092375201592,8.050073002568285,11.079024201923438,7.426769075436536,6.99959906604897,11.550115890935135,10.523256141843198,8.435637057008346,10.945419778549295,15.918338467950257,21.184977424708503,8.466150765810857,10.84860758744491,7.63285056162224,7.483821726551519,16.291691552315545,12.74405345508836,6.601593594009689,5.837901835150788,14.59111143050036,14.597651164025924,7.727073043261638,20.850351242784964,5.298913744652317,17.226074603054585,18.321682190827413,18.054228073170997,4.376718419740424,13.591414313838689,4.33480425437985,,,,,,,,,,,,,,,,,,13,1
sub-20399,ses-2,0,20.442457875288795,20.362953282291848,19.50919419616305,17.2472955049529,19.58048268623392,20.59336410182183,20.819289420758658,19.34189672399692,20.06044093359151,19.0353718478736,11.14492004246047,10.922328796552028,20.603115254146772,19.458775268266503,20.457640085677205,20.69220699953571,15.14202153021036,15.845013542778847,19.00275845148419,17.074371392369354,10.594805742174216,13.90272662520827,7.622347334293065,6.880530122347919,11.81741750119204,4.467397126690087,7.832885667627339,10.918038415725269,9.820926696610602,11.106888594584918,13.58768417429904,9.305514849361511,16.864642285513032,17.912252787555843,20.644802900598265,20.480409922942115,20.864643001484957,19.67803965058722,20.00714963512944,20.53184815605562,20.76809524146469,20.92553838509207,19.0354202883426,20.41207383692457,19.432943906726948,19.927372560280215,11.142905309616436,12.547663638245163,20.289968826079186,19.182246831566705,8.193037418342879,9.092630099400496,12.193590453718755,9.08124691522333,13.838777739124396,8.742635499300397,19.524220623030228,20.70830045335233,18.12145687841019,19.74653985116972,9.086001437772994,9.54045990501854,13.946382441742736,16.57443244824078,16.822764098242693,20.026224707804428,11.3271851474442,14.067716139548573,15.205204861856243,16.47922019160502,18.888030487249235,17.717205345603055,21.37257512934437,20.559955847740323,18.737253131339976,20.436357181867024,17.555356085616552,21.339222244716197,20.84866170707876,21.296988250035987,18.37373431996756,17.94865672380268,12.041621448888623,12.432629740941644,17.642300296506956,18.0638970584101,5.200364442761531,12.21938634049964,18.874969655407817,19.766819397979567,12.239259435345904,11.414029703890554,6.277357859086718,7.584777637193459,20.869352680403264,20.76684100526045,20.02153173017228,21.00579356429165,12.193458235223105,15.447976944596965,7.480364838566334,7.503688791130072,5.642912954194168,7.896267027583444,6.318591122262674,6.4687768745813745,6.945288846002748,20.069835524910236,20.95661924085351,19.075772487059226,17.015553152252686,8.448488031272326,8.499768871357496,9.051934621589432,9.908524227349735,18.054113721448054,20.13144555863712,17.958163835288595,20.367869084363136,19.39499949138912,20.995976886244375,21.453145857107753,21.021407879046176,21.335663088680683,21.658361446466,20.93287535329957,20.67061314839643,21.093036439066275,21.06228230009119,20.976231774567648,20.880565085195915,20.985121352394273,20.862639787394173,19.9702467984303,16.31865500679188,20.905075339463068,20.859950431172816,20.850793309830298,21.463613828771937,20.826070433985866,20.99304451877446,21.117301701019755,20.570733765989267,8.421901855402027,13.182358178257502,14.639578822297343,16.383282695715156,21.002377841731004,21.266137957467265,18.407152292004906,16.68314489297862,18.237168269615022,18.969934391198027,19.402679680815993,20.892512951866525,17.979565540724064,20.399468704805127,20.677251402489595,20.686187679747473,18.25125122980764,17.34654297085054,19.221403444070223,19.476161395511816,,,,9,0
sub-20427,ses-2,0,19.001851423068565,19.312427468525833,21.52417572725623,22.20994495200511,20.87905297485665,22.325317890045113,21.73166731447368,21.415133995164865,22.620379990534953,19.78954139960165,23.183069727364163,22.351397707958142,21.385715835177734,22.37695539508825,21.506977462236105,18.86310264677347,9.583615544242251,7.931351145269409,22.969289809620996,22.344175066822626,7.957015387966272,4.438366381572427,13.571687135184336,7.644100045162195,13.612837287832656,3.632326346752164,6.894599761765269,7.410638062515691,10.362626014836126,11.016077162350406,11.632037382807422,9.847265009535343,24.098920192101367,24.103483624129932,20.73002040909322,20.57493145216908,16.746849208136933,18.741426269917433,17.445826055156335,19.18451968339767,19.24246868649137,19.042743494865245,7.219929113349264,7.10194388290301,20.271853099695537,19.12539383790405,16.819919282534247,15.984742979136431,14.23337159874188,17.94039355875536,16.503304295486853,17.53019291572494,20.934799106864418,18.968400649571713,17.13873885568333,16.78880626277891,19.41038789162028,19.645682154491656,18.90393141189693,17.987243546890895,15.310865168168856,14.01697914235037,18.47299407351285,18.7053367569237,19.87863299008066,18.607331116338628,18.062346366168956,16.806111023406615,15.36285072928558,13.766724318699978,17.7772814234914,17.504622236979106,21.72639099256439,22.663465670996047,21.688194940450018,23.65873295632228,20.247219787894917,19.484003117183565,19.798743433190676,21.87488871312667,19.381460119406434,18.54871781706461,18.58248247484651,25.07784393376601,15.843772009138611,16.774798106613694,14.851984816414411,16.627710176669037,21.296440425428266,17.705053335749206,16.546601834295195,18.80247387956956,10.178308111339431,13.682412207601889,21.49689684034952,21.528288875217896,20.63845014987189,21.39630517140012,21.68829382331268,22.030834339496497,5.780911988781481,8.592558356874394,8.90042866615433,8.262061633272259,7.815025751270643,5.6990601050223635,6.233473776195343,22.279471349279248,21.12501843454299,18.935368294376133,10.533469482541856,8.35045241220848,10.286801682204668,14.4762625007573,10.642177359384949,17.674222254930648,17.49174537095026,18.08942592613293,18.05903541787324,19.491577474043726,20.59958319902825,21.13536365115076,20.985419520632444,20.412587801561727,22.143750932459263,22.745221541925403,21.38131203644959,8.221883463930757,12.781671226423226,21.627459165174617,22.010983209825586,20.09510934862347,20.648258654501785,14.73878415929746,22.515215403369815,18.381450369594788,19.34588465197007,22.087487131675108,22.66046084836329,21.70082573578321,21.897706783236355,21.37495227441261,21.02075525960049,20.51955439884379,20.280336173700142,9.134980387509824,12.225912782607242,19.659236475506436,21.17260178111716,24.0822073733581,22.638719573477108,5.917171636356954,12.403345036993125,18.3031794282759,18.083529741552372,19.928933912462973,20.37805608498932,20.40375599669185,19.503620511477237,20.73647757476906,19.958133334575074,15.874264845153164,19.167008919818525,15.26876064423111,,,15,0
sub-20463,ses-2,0,20.73525215757232,20.307566225488937,21.947613931828094,21.196942363048407,21.37697503199932,21.221118520845497,20.37762315415981,20.73339331532822,21.169439638640977,20.72918800307426,17.841377624564174,16.409071433938724,19.935078756443836,20.362373038766396,20.401836981730927,19.783497023182104,14.289780071366865,13.724874167337038,20.968847731944063,20.063759163943313,14.555856932701138,10.154013796586128,14.952953367037765,9.324573777096235,6.922657969272742,10.371490277704003,8.533600289255943,12.86483612724498,12.265907368684577,12.359789039787682,9.575076786171168,12.515122470022977,21.040813324089235,20.831206514614543,20.704042204434657,21.173859719920525,18.6438507914404,19.535235172011365,20.35575351157049,20.26821510759819,18.91553571774144,18.897630329973527,16.239610765333087,16.22093496804938,15.243763299578042,15.522548628886456,9.177067689774104,7.23105251143569,17.31532195655317,16.610667941654846,6.197968242456378,15.42248699766068,11.531029319674072,17.909806222982553,10.495245852989234,16.276944822020234,18.945128154916706,18.894592607230788,17.851439254821596,15.705321273217766,7.785636029962355,8.642052368752614,14.723680367721634,9.463513653202394,16.627950666398757,15.57135543174878,11.073945308211712,10.804876668044134,13.927413267925036,16.046175375238764,14.939159669377586,12.89768335668786,21.814272926331412,21.571968769675124,20.500072833657036,20.18853557375761,21.9011288037933,21.576265729348968,18.8249633686208,19.243704746469344,17.50190270962704,16.450180781830703,11.44541977539042,13.138613070435008,17.513533443459743,16.671118315813676,9.981723771727458,10.42090663412002,17.92131248091283,11.06025515394168,14.514941602762985,11.111072608313332,8.414906918872887,9.19098733190312,18.13742556082271,20.728668741160643,18.65179634199861,18.010758872409355,12.715810407899657,12.788484315434625,6.543870472165894,6.522496104411553,10.461544207561008,9.114807091922511,16.58516125372298,20.375413144321485,16.614539653390356,13.040793591169336,11.788990803116668,7.934875032306675,6.392428002153852,10.566267488465916,19.92737498376596,20.412471988059743,18.90754382132821,20.57045583699282,21.92855282828905,20.85911213836349,21.93984544872954,22.40651351350243,21.155501166047035,20.88003901122063,20.28855485001663,20.196463109675943,11.337795422354947,7.578094706958808,21.37382811120107,20.985058981252372,21.474025306514367,21.04382351135903,20.1661693674376,21.792084964018994,16.56497795738775,19.993105716978995,21.33778313393541,18.93236064690774,20.001002424075768,20.777136224311217,21.47181581162223,21.338636701828605,16.861874034662886,17.44604665328319,14.527785206990036,12.730815693868374,19.71377327541923,20.777144803647797,21.694453241794484,22.496285062142498,16.35238822140222,19.359224100011172,14.271153403365757,12.459266608593474,19.969889830288203,18.97902331781024,20.55898898101536,20.76526657929549,20.46116130400323,20.57182433130845,18.987741236252624,7.413885216728609,17.89741133503676,16.59181847374361,,,,,13,0
sub-20494,ses-2,0,16.889923497561814,13.079615222819829,20.20179761419968,17.5257028414783,20.574962892872566,18.776428425181667,20.43235899891976,19.406832000686872,20.982891449287983,19.443838708036584,20.6561610849097,20.337844966656384,21.221210147796263,20.063931462780833,14.13143293771757,14.491179387732636,20.62566579190991,20.897576046318413,20.46476971596159,20.62896142566734,14.913596262565251,13.787043892342467,18.030474806001937,14.3384478410204,13.264313605280693,20.60490589871617,17.670037699458355,20.085752775129233,20.475149817356662,20.664769937969012,17.0295460518278,16.497322328817223,21.47641738082215,21.210696677644034,19.62641763648902,20.732632560855755,18.45074637616804,19.64433521307688,20.468579008006873,21.173222812329957,20.968012346055772,17.46924771767759,19.953704864006067,17.58867274461314,15.624360980585523,15.396731073976328,14.860866087514104,14.543582506473305,17.574501519151642,18.295478966664497,10.407371794239197,16.070852983099083,10.700488045232149,19.663744572179155,12.95868236709544,16.1924840259967,17.77010568472492,18.200584797192533,17.218185357944407,13.644995472103355,9.633764089588189,10.268855706585024,13.026545169599462,8.880188869437283,18.766096994495985,14.068123507174407,12.148171489734477,10.741787286150355,12.660731971458745,16.104212196057066,9.838647298049366,10.438541233085887,20.926631126943363,21.181389007468557,21.11824519241964,21.424795801732284,20.970740383473917,20.19410281097715,20.559854724178575,21.07882202536927,20.13013558952447,20.530281686924557,14.7522625809318,15.13145598840857,16.521807295712055,17.293408123654988,4.6675170449439225,8.912962395895995,17.883323505604913,16.48067673688606,17.18313628070117,17.094503857750535,16.302720223664085,10.680338071559296,19.70272187011315,20.187766328582832,18.32035050095716,19.86194271126695,17.104393487463966,15.386293766600946,12.873892273135148,12.529591812469564,7.771402098557723,15.363512931407106,10.6766959983309,13.284452401755084,18.933712449872292,18.396025461461296,20.36967543556899,20.412206550210964,17.58703558813214,14.555251916795054,10.779049247056438,10.191535205973157,15.412986333307218,17.298862994155055,19.82629528122993,20.97497539436078,17.78886202889397,18.99934240216369,20.38587106400539,19.719656374262566,20.46497837038698,20.97413218071488,17.079662476462282,20.339482884444152,19.660879370530356,18.054880817185545,16.08503139913896,10.145263935080006,17.987473364002213,19.682942604269964,17.248146564665376,20.182786773181167,18.459487053084988,20.55248856818808,14.096815915503704,15.50166013515416,14.244682703080509,19.62863973588468,20.12117762162925,19.21721123967984,17.06957836878239,19.27527526679231,19.63939181721153,19.33039153111019,19.424255985381595,19.845686676781565,20.56719283764222,20.9507059822748,20.057005927178757,19.864399410559283,20.02215656196553,18.94675392052291,18.77967181977262,16.929332777063166,20.26934861315671,18.26285855542777,20.54832715589467,21.03051895514802,20.878976124519536,20.169384493136217,15.85553974275611,12.884761530832552,20.669164219785262,15.269983195104093,10,0
sub-20494,ses-3,0,20.48570806857141,19.583768576793197,11.5601763496182,9.894718238441484,13.539665867849846,20.90324185443132,21.530968374849422,19.15760547671517,18.43512792317801,19.541317314389385,16.245863915009622,8.819739771631081,21.113910257180247,20.24029966135771,17.118201781899423,19.93446604134309,6.863495628413721,8.015579675478566,10.814408670610163,8.606427512886114,4.558212725626231,9.075688962159573,7.377580467657627,4.8818233834750115,8.261341196614623,4.8016734559460525,5.044498900253426,5.690783998190809,6.361045646133328,6.455666702526386,7.620915171739663,7.576475344595432,15.415950985702697,17.692993595932887,17.80718876446012,19.189346639560263,18.111015849285273,22.43646927713903,3.853218729230023,3.6172146259873497,5.579153103392518,5.256569148265739,6.9417903412299,5.936892270199456,16.369545575296943,15.240858696043087,6.745887829280035,5.836531959201958,3.802583413426566,6.1485786833722775,8.76281364570446,7.98329769953896,13.400806810606502,6.508038797978129,5.27929545541708,4.418939964240342,8.002098450126502,16.83614897014172,18.10110322552657,21.214292301143853,5.838834168632697,12.783363846791335,15.365052392273014,16.139498584642887,18.60260469269325,8.50959771079315,4.702018331606805,8.622482909625115,7.788803492614369,18.640728811164777,16.29084746059091,15.495002081153824,18.065585105186965,17.41432185717217,17.485207152179672,19.92330295086675,13.980972222205123,9.4308049498898,18.725782231298616,22.277774123726385,12.700834357161204,6.0429464774917925,5.825719790514869,6.050900671719181,12.884181903113586,6.518333616208244,13.98974036223823,5.570407495043567,5.911285480881027,9.878881996903848,7.460032065916387,8.633071070778342,3.928117843661045,7.697819996802051,15.00013598473335,20.74887946854306,16.621879307690765,19.830011844165956,11.051912089603874,16.561661932756863,3.932291369746233,8.527750491018303,9.465932950274937,3.5174200040218335,4.815583673271054,4.523805721769559,3.1557631574968488,21.61886424952152,23.037933662541352,11.592668603840282,3.9405888604717223,4.981645148470266,4.950815234097722,4.268150791426857,4.067553168690183,10.683642679659725,17.569105024791902,15.057629305252831,13.022499725544256,17.846333051580658,16.97238233055806,19.964946005054568,21.18424427157318,21.720864100126033,22.75989327771261,22.164104055109348,15.177340097954392,7.9147967714887635,21.116958629051744,20.757989163058745,17.661678795985537,18.71362960893405,16.552634617874936,13.492125331747634,20.80133289140407,13.386195351954632,22.279444288413305,20.211711209604395,24.164271973117895,20.082219456083084,16.272047395405185,19.333804133402467,21.234191569797865,15.134899420312705,5.385613663418998,6.272754467687124,7.232188605328281,9.129165490665146,21.248961693698956,19.652872599868413,17.092472211863615,9.898011460011762,16.68631548251358,11.14551498538586,18.262684817505285,18.726138936464206,17.22433815932502,20.83481418806271,21.06899486938643,20.63824904009573,16.95879781322468,8.891246773551721,17.958686215219792,14.01823819359403,,,10,0
sub-20533,ses-2,1,18.11117528764848,18.613087966947884,20.1395460082002,19.61078500422763,19.860213453507683,19.669545726468193,20.519237467970544,20.178383290784055,20.41929985470412,20.256162156433735,20.633094897620655,20.273201862176357,21.02763135053812,20.2776792645468,18.29458323384223,17.79417373839302,20.918069953180893,20.601977355331872,20.89568582461342,19.573042127658567,21.7026930452642,21.27442192361033,20.54057064679471,20.450608129213983,20.979476773160847,19.577635033275083,19.392272496110024,18.91202984225218,21.86606845242914,21.16962282447619,19.36505847273025,19.203641236850434,21.29617855780955,21.00860620571088,19.99330882495107,19.973179545335043,20.274043073728865,20.71404658586096,21.561933971590715,21.64220902901473,21.596635403313723,21.589703302747544,21.537626328668512,21.838060596602663,19.835938323181715,20.62509185798428,17.90269621006119,16.995247370782337,20.24130838914065,20.41186107977051,16.154937872172315,16.021532865835663,17.20748392594308,18.0588833006772,19.980590018872984,18.476236599507228,21.033049554138397,21.120863357008115,18.337437054166504,18.472874529947163,15.565208721200204,16.03246505024778,17.123359903561443,16.932389319616618,18.98508006834954,18.88807425755878,17.332940814245937,17.787742893548593,18.017563119101354,18.811013470546293,15.48684889834566,13.941433106701783,21.58510299911989,20.81181735907378,21.84467599298062,21.707498516165323,21.457790948636,21.813719909262993,21.284179016594475,20.45339460617396,20.797345634181013,20.57444671006994,21.6496355331186,20.727347750510074,20.444863506086943,20.557827118899475,20.69331162892115,20.650533962973356,20.706153561086268,20.92058007233976,18.6701682281323,19.585908858580684,20.638729940186185,20.731156209391724,20.74261686780211,21.500702066444884,20.916403874359737,21.157802004406623,19.672830550169863,19.670957527032208,20.282241209402464,17.057450734558337,18.92218377506303,20.638690197769275,21.200973653975108,20.568248576926855,21.60192758209036,21.37658441000431,20.458090638265737,19.984604603309673,20.2496378600574,17.777508562749162,15.045142882568063,16.695478581776925,19.491238091611297,19.25364783449208,20.22988319797317,18.904172304568647,18.96682415047503,13.58089373188669,20.67053677286173,20.53063310176013,20.403607217481703,21.043580218293652,19.88346738004205,20.259467311559177,20.831447247750507,20.48684614130246,9.403828571015094,21.074657131801622,21.037122666785965,20.40102329904632,20.645612871057896,20.26786922837247,20.44655253919946,20.297892433824277,17.733030750299363,20.206342648391416,20.72616053510959,21.780356691752814,21.265760725429487,20.357810811205436,19.259397603059295,19.71266938023501,20.051417516374123,21.499291785846047,20.40306653949632,20.244547633477698,20.571126088971138,20.32748952445069,20.248904488817494,20.601649729044123,20.960230821643353,19.35451622186143,20.348387914351896,20.974099989054483,20.861189772402977,20.581002623517616,20.648471794466342,20.25727469045032,18.84537219793183,17.874532385461936,18.48476076948685,19.139044270336615,18.30060364948041,,11,0
sub-20572,ses-2,0,20.03082022722728,18.806464402529073,18.172115381857736,17.35550686407838,20.55109582485632,16.126297128257523,21.131459550980225,18.493298760017485,21.390320043652856,20.00087605637612,22.518142065823696,19.307780354614344,17.80986852634273,21.04397512366724,18.84682929388033,19.83924449681657,18.977991381892984,19.2188635578468,21.5379082101734,20.61655352916559,5.991498081858154,6.483637786999958,10.041921226200358,9.82327343174517,13.55917051166761,10.38003607169783,12.997323871752045,13.682891573163133,17.320181103325176,10.809216493105684,16.46428766212157,12.162590059976326,21.59524004980017,20.77052913177741,18.405856764997623,20.99220897167933,19.43711207243471,19.79246574324383,11.634520187030631,9.860470030142189,12.43737085894117,14.352719094408895,15.734144231933962,9.520675979226835,13.6865253662404,19.820223853410837,9.547009541629006,9.86301656559756,12.20039130298336,12.11604640221318,7.478533468265791,10.839373303250166,11.950850074310218,11.103441479246698,8.684030734974318,14.197473552753284,19.083953077209944,19.548796140726513,16.52009096815754,17.73328354099174,13.618084398526468,14.108804968407393,15.32516677821882,12.194893890971162,7.859972142784915,17.38677086917642,8.541615673551913,15.014590584485148,17.212045882659055,18.900824281758386,16.583181582291566,15.386185601684923,21.133905756498734,22.37156626078924,22.334694182962515,22.446350191515968,22.14517624474953,19.305912544773047,17.154773347061596,21.190282355963262,16.09206493255421,17.417955785170765,8.615748467945952,6.786768824964464,14.914422120308892,20.306071803477742,9.104768303452122,11.051818479892397,13.694637815731236,16.73526733211021,13.20384865540708,11.06306027991428,14.74593465919892,15.341183921064712,19.19981026293615,19.55486500211456,22.46461455323229,22.417042644958492,10.593616756221657,11.923950543793362,4.520979112549685,11.32622636150117,10.499719862079,11.67491984315948,8.474891665375576,8.827700809006725,5.720251051336061,5.762352907165624,20.359884757200632,20.882002289694096,19.10323507206672,10.579122162166684,7.201299503268893,7.276769662783357,9.903452799331395,11.04934213613664,18.820459053640477,16.10030507627818,19.48138034606264,21.04138218951049,20.54713488097179,20.520268896664444,21.127832781741983,20.709824067521563,21.21928941877329,21.73114785550419,18.539811879554275,20.754388815836712,12.009590710460085,6.208120160340737,21.076300096881276,21.079448618912636,20.233274510706135,18.70283762754006,19.235164462547033,21.270515752858216,16.679322124003523,18.70077538910325,18.694494006911036,19.80635092546608,20.567000457015528,20.94667917007223,18.91675567989359,19.07782281013234,18.045979842135257,18.700057039034625,14.35180433346688,17.54585859465198,21.142664486328336,22.354152448247575,20.573706716139167,21.444887699959335,20.56667995174546,20.358692011737222,17.929699344623774,17.731877782988406,19.149914604011546,16.696680387311858,15.698847842561284,14.131746631508433,20.035149472788984,20.94552691645398,12.664324585863415,16.923747685015137,17.379564577493543,15.592571860367924,11,1
sub-20626,ses-2,0,17.134420669006687,11.173056431092686,16.465775382739814,18.70655925808932,17.46153361909204,15.710342703278483,20.588782301021027,19.232266806186963,20.555224911474603,17.805132924128486,20.712932779156414,20.0867711280537,19.58105233675877,20.2611748094756,13.370005923074142,13.018488965531864,20.321595720259353,21.005134960070365,19.42051855251735,19.24999483322769,21.857177893798205,21.14638762751896,19.805915112358765,20.805131723552723,18.815409049822208,18.9931016547231,15.709655995334089,13.122912560140238,21.271521269095523,21.42115090264324,19.96695947997248,14.63481581249886,21.656552584553324,21.779323611814164,17.352745293986242,19.24507524739816,18.881464279895003,17.744379546194676,21.605518790439085,21.77056890266513,21.53288022389568,21.591315337311567,21.706400329972546,21.648945614164532,17.41590505863682,18.619638423909812,14.573965449917766,16.66980252970552,18.46300878975979,18.35816910725767,11.527737417073148,18.239902040277716,11.258842515943432,18.1512864228489,8.671943825861547,14.308577830729384,14.73262399672093,21.594664346167672,14.791740656956648,9.083479761188215,15.214975909928404,11.361451048577862,19.900315827365453,17.441144939026966,20.853451792386608,10.79373257440034,15.206408692997485,16.646141510624485,14.758466903076076,17.809516722627208,14.301506532967569,7.01070762441676,21.56482186187362,20.744414086915224,21.997542915795258,22.160383453890255,21.883477723619528,20.972983146330467,20.40125237397016,15.408918937975864,19.436934257306273,17.81252367038819,20.328363664996083,20.515116296676126,14.353071298050532,16.784232125237562,18.846716482435813,21.520173234718293,10.337540568510676,20.91356527142395,9.00963808111702,20.55132679888156,14.553761232121918,16.5800491150316,20.728976185918125,20.71948656610037,20.984016339735188,21.533348665219552,17.72967586169343,19.67074710987472,3.8816033738412385,18.305550668029213,7.77658800102285,10.41601736862748,17.8479755707547,13.50006856381136,18.16534935546037,15.057745624261475,17.050036341791053,18.52997151770071,20.696172233266925,10.57152321088005,10.93349294605229,16.46551102593466,18.35191338317262,21.20125134327458,20.099596048450756,18.11496408557779,16.577555085853678,19.478364562158983,20.19064150257135,20.90835154851667,20.893845658731195,20.743458864586625,21.1048285508663,20.36311114755901,20.253290338522365,20.65027551791543,13.16049956126632,18.75246638646404,21.11406535350165,20.49959359552883,20.797049381894183,16.58357529533137,17.13095027913367,21.22773015945623,18.96446404832516,15.286455186306291,10.97100900452302,19.986379159589845,20.68728002565042,21.06009233901108,17.372892152681743,19.38879918410819,18.42756613897581,10.634646807677475,20.9312738127859,20.036208897369665,20.95032930709643,21.002375293262897,21.039399061358473,20.497686892419033,19.51958796957457,17.710334572225722,15.268504717024474,9.315206608907245,20.37325163621609,9.566883369438184,20.70261231748256,16.30458163633554,20.18265206678347,7.516406004575833,14.423086941981616,15.44193020068158,18.343752365222333,,14,0
sub-20691,ses-2,0,20.15259462466084,20.79554701596204,19.508802242737215,17.47253238060968,20.518992721830145,21.922497966110225,17.10838245525844,21.311315761616637,18.60503798699696,13.018269292306734,8.178444779155956,7.180380432738636,17.82746699065159,19.840087410584296,20.44884785284997,21.30575550715559,8.095163354037954,6.466549329222815,17.568952559257156,16.78412990283795,7.162707117651693,8.524171528089344,6.24497721228316,6.733685637661333,6.9993235292888745,6.853254793835379,4.991442937181553,7.405069201810798,5.856209598147766,5.959127500820861,8.417095642659302,8.406383585492469,18.44975509810113,19.015317885889292,22.58890802239853,22.424799446194243,20.53727153182886,19.925738825174307,17.802481986540286,21.860759388493076,14.37114478879903,19.361674991643472,8.377625007854373,8.196419376038307,15.372879705476397,15.136118148518346,7.794860415458972,17.231377799289117,10.516119892994505,8.923941637241585,8.331843379146799,12.459290531779969,11.874103447183977,10.857126232242004,6.424978688753237,8.340918308464772,18.49925119172822,18.34586712918544,17.197591212382815,16.80950660354189,13.659502145683916,10.867850352667086,14.105082514264543,11.421606707238393,10.108301977419304,10.895246180220882,9.111624069896616,10.850763702679108,17.750517918616072,16.740822079192107,20.793436310354124,14.226642123103524,18.942860736054296,19.291514065584614,19.07494840511281,21.915502056294137,17.419333751515047,21.806626832935667,21.102773494817903,14.598956522595692,12.261512205455032,15.219973397656648,8.782491987396575,11.220929282966264,8.630596092966435,10.350817524472925,7.338703053422272,10.938511994053638,11.5031575076296,9.809840779831484,8.322108372408355,9.132571525761922,4.366464045560198,5.9791799328855895,20.474087923543117,12.56272262447296,16.400427080272927,13.913730552683807,9.306443872310956,6.623535928089047,5.876019882199932,5.891390991096168,7.147575806435032,15.584610297147927,9.950868658825437,10.285105161056611,5.5182536940156375,6.0280632184668494,6.7422257459455635,9.52706449764667,11.019587473387178,8.310693357251143,8.778829844506248,8.635473075551147,7.757019911029248,6.700450370427525,18.597759337035736,16.56719915153864,19.926573769915983,20.659878011292545,20.40793907532148,22.353001674599067,21.36591259203559,21.218408919725434,20.81785709633313,19.529130555140583,20.591367074965145,10.803674083789476,21.592035497537772,21.86708992764988,22.19361769068875,21.3113162827206,21.166443798827785,16.207780658860894,18.490579033300516,19.205879498698145,17.47669469104427,13.35837910723659,19.926011313614477,18.438046615075105,20.696842390431325,18.34606885512264,14.441722461941028,15.297344046909888,8.418639279996121,6.674257138438821,12.969934360215488,12.545716227551132,21.42416148377814,21.343214631302757,6.278343447897098,7.557119793426347,18.203927208419437,14.363250921635457,18.190447902528753,22.61876662372912,18.232426085932826,21.50336547286397,21.687495883585765,20.169191474649903,11.428197178686968,4.4001465955655465,19.337877785403577,10.599183727578891,,,12,0
sub-20712,ses-2,0,20.845259448554668,20.75108439284465,20.41554809967836,19.81093738180807,20.795591376473016,20.83998805346107,20.97334326565487,21.231700050855945,21.004507873404354,20.530410590662225,19.826665689536323,19.451780499253378,20.7346323409722,19.197555370649138,20.857265775411182,20.290154939519702,18.973787787994212,18.632562385402633,20.335736100785905,19.01031091451871,8.571156961121302,7.446391713741758,14.67331096584985,14.630017013553294,5.238375355504701,11.503287261340793,4.580689433130962,6.3615419974765155,12.407630628063693,8.580263523520719,6.463219742349297,8.625152386678447,20.819108676672705,18.12623071286922,21.035784839303123,21.041463295497028,20.116079537996946,20.57354043939104,21.46333472345408,21.349407320252897,20.024665852808788,20.390207754565377,16.1365780054968,15.02080534917889,16.350308945390164,19.24249703042341,17.776474854387065,14.31829770441367,20.42101796620041,20.67556809336724,15.55894619897916,17.613829362310295,16.47150249368033,20.24700422302064,13.698360074636303,13.562562970604857,18.88015954336611,18.37222779037307,19.261679533826943,19.959934181211047,11.653641399933507,12.863988071212349,16.91787502699443,19.366885650816585,18.55789725301883,20.365993085704837,15.577873230963522,19.85959350093812,19.639466115419385,18.79143761249531,17.721761770529092,14.9731740005022,21.84479179492368,21.7175676500351,20.903965788891792,21.092289854451707,21.262026426446663,21.18272071175249,21.06168266945492,21.68475363901104,20.052551959633306,16.314748375636537,10.613295869876678,8.782445425285315,19.476419736708596,18.76382874828492,6.923675932670195,12.006225993642577,20.102993356471025,20.995525874144043,9.44168095545731,4.987436155346455,6.146210183260605,18.679117192236873,20.863671782964108,17.991672032170282,16.973499268324424,13.028182298320324,18.56699864905092,11.797839291170389,19.194920764974793,19.54758949111836,15.5452523362135,5.373794474296272,5.13989712765261,12.334112607718346,20.271710650854107,21.203187487091952,18.2115734212704,20.518904934220657,20.94746216662112,20.6364674459148,21.210863525441823,21.40614168674216,21.43229938047759,21.838800276212172,21.33571019544454,20.20368189843348,16.046186560119068,21.35200700647964,21.58666317857481,21.038731393500523,21.185652488883957,21.143829836094746,20.202996205150143,17.849498944344937,16.63934236937836,21.042827082400475,21.26524310729584,21.51171577697293,21.701224285684543,21.169554455396742,21.18732257961958,19.31481058807097,18.37669704081102,15.101126713827348,15.017374959690502,18.78940364979756,19.977781514631264,21.380680285097256,21.359652666153536,20.251358740091824,20.395189588049348,15.233315769344973,17.521221314662274,20.03232532239679,20.70158695511096,21.13443301776023,21.263374075237653,20.54806414941264,21.289984561783125,9.870166222931012,20.48045189111118,17.382150593012764,,,,,,,,,,,,,13,1
sub-20712,ses-3,0,9.915101935156862,15.093879617236276,17.223318430686703,18.035667409023052,14.554036261789914,21.84555369024513,20.653685741217153,22.406155076770663,21.922920600254507,22.166910463035475,22.18514102005234,21.32811287677856,20.9556929551404,23.56009599935986,9.292941555666172,10.985486271476876,23.4055696749525,19.579334600098665,21.17422203298268,20.167487830608476,18.738838511039177,19.769283447837832,17.356019505971144,18.698415910973903,16.257536660503845,17.644169989723167,15.301706290917128,17.519885988146566,24.046666901819833,22.399835944897816,23.31061580719935,20.80432772069949,26.579159004371377,22.91059357444331,21.32314127048824,20.51840661096526,20.954770202899937,19.757513342859784,17.236392858232445,21.06527376765313,13.028739206651371,19.49067710653516,12.330349090933856,20.285734247622585,12.281669953523595,16.868311953787412,6.504310767487844,9.27939804489145,8.353072739495268,14.686333911508216,13.024580693524069,9.33098999761853,14.20778239581125,13.750897687465226,13.093564956600154,12.298225783229778,20.0659876000373,16.15551922582143,8.437904302160216,13.230198925052637,8.036493676062463,6.347893893468436,7.675495541184013,7.11190397429972,6.36473120568335,13.379947021477696,11.406255476299368,9.445343097650497,8.909082869358,10.664142357745996,6.9381097999246935,7.588691328741591,24.196504561550643,22.105483106943513,26.608600295522407,22.05808781180977,23.407300812389444,21.30746729210691,23.063082451167567,23.133554420652835,14.198009372206156,24.74290875621321,17.41931790746889,19.148071082421044,7.893336979273541,17.952746692190658,13.377638771351258,15.635976591583203,7.153675226140251,18.891367939450376,9.567770023825364,11.149308470961676,8.193410543288326,7.76789822654106,18.60717359414009,19.611386612481382,18.299970228031945,20.35106429487768,10.52201815251615,16.62552415358068,9.995230368926256,7.935819641327866,8.915373348339314,9.437092173406809,17.991978507752005,7.382150705866628,5.774579796812349,5.88773576371517,11.468354029033437,21.32296284734844,11.638101584052352,8.073631526782119,8.339278758037059,6.659462529474126,8.985028301864645,5.774283628125516,16.103961010260768,19.32198527172965,15.17758331824528,15.293019027019724,21.0346575573106,19.483590815927407,23.02804586511069,20.50694267260868,21.707433500118466,21.24206086382656,21.30538707829161,20.35565333316317,8.699490401911827,19.756760887382185,21.038571225560297,22.190774461193868,20.52346439372664,21.606575348907363,20.10211184007291,21.266530004914728,19.540452439494505,23.89846015789903,20.32733384864136,21.792919513257832,19.10902739975263,19.820836884639565,19.498561539448197,15.836498476393896,14.09571596065168,21.446802304010127,22.301364388789583,21.14910867036071,21.26494501066949,17.798098861255877,20.85722795189487,23.090285830910513,20.482465777901652,12.906146651828609,11.64722831461187,21.68870892190772,18.90853162008155,21.99748483940073,20.036935533029883,20.334765259001173,19.514787423920012,9.693592035530152,16.977701542234964,20.03336335690914,6.713539597160158,,13,1
sub-20721,ses-2,1,17.181006341909647,16.415915610424467,20.765756152569654,19.97695572530965,20.213061004688633,19.64851352508311,18.369094639183164,17.231153507399373,19.276107620125178,17.606247841596016,18.83636986001925,20.815409005011695,17.808117670436157,19.440974440775253,16.956624424432434,14.350913911899733,20.032686810659538,19.662911615301446,19.747343934445244,20.26367068182083,18.2860031048026,15.337007467377806,18.30360246278621,16.066095811127703,16.794498198591107,15.155157163522,14.994549956883256,16.61729751868462,20.836066664633417,17.087899991940194,14.426965806319636,16.532785843635967,20.572794232527865,19.670650058990976,18.6380393435929,15.546963530910144,17.113166536949286,15.68480482321031,16.394184384462054,17.072359843623186,15.19219324309768,15.711590665071242,13.663315144590392,10.162408207211174,17.111295287076953,18.666670323310136,13.754299789793068,14.294692242883627,17.446161461627074,13.187982905181308,12.20519508049763,10.28877914462915,16.370741944438567,13.978808991423229,13.975726875855706,18.518741457318107,13.210898923731005,17.72405707838442,16.558569452570822,16.06890400733533,9.962854612845558,8.255952268254665,13.063552244266518,11.2702658514073,15.42610017820133,16.182621210917265,13.858569222397549,12.259622881620604,17.492732540235767,16.293187236380234,12.06759040272334,12.173139909242586,21.43137305686803,21.205636064689415,21.80709725340232,21.72830518948203,21.750069017836903,21.881328591042205,15.91265987208479,18.75239694480049,15.44088386854821,17.603055544543217,16.633373079430285,12.10764713298758,11.792386624120908,9.077068062954506,13.234106833025844,10.59933181600254,12.285609023994931,18.754010011040137,13.965649390911926,14.978868378816829,11.847781401087191,16.302398081273406,20.66180974482442,21.040355876958618,16.38004196607514,11.86653502310508,17.262010653880346,19.103692550696618,11.564038910669105,13.153272497030253,17.889217977511727,14.793004983181875,13.160727207081194,10.632165184909503,10.522512369310192,12.532576467345947,19.68416483776468,20.238799414437565,11.96646706919602,6.044928854237752,11.18119907529971,8.775171243793281,15.18535811862001,12.35328422734426,17.617144884695406,15.311277630463946,15.944886677538197,20.061233793817237,20.957779533179945,18.170183877280813,20.956246581064885,18.232445958707743,20.184635369712336,17.21031416429283,16.81176498016531,19.691506113950297,18.68909788298128,17.724423448856598,20.707697842378497,20.16620507120013,17.7631938136636,16.356767801002572,18.77873563332332,17.913249264922165,15.892798566699735,16.823800114983236,14.569632587273006,13.397356193179396,17.024546576096157,14.819951365383366,11.413728929868286,19.45013083168475,19.884122620959907,19.444488140295206,20.41073269393864,19.555276898999328,20.705375599194777,21.792029800242982,20.14257071550532,20.68062958393748,19.164039548164457,20.747351853685508,15.471602362176675,14.789549341915336,21.12892091746307,21.632359628033463,20.710223748826905,21.21090597925627,20.502126145998098,21.26809580554369,18.37287050815676,15.986926777176189,20.460773135460045,18.278697821337857,11,1
sub-20721,ses-3,0,18.87461031984404,18.827401648921292,17.06920705306857,15.395014895450828,16.794825209973204,16.981301519531467,20.14580374192653,19.814202469228324,18.547655108644136,19.578462246714125,15.9973626088679,16.87709298099753,19.63860941571255,19.64748779963962,19.516430378027103,18.158343345223095,13.581034337942036,15.115158914131142,19.02410719831138,18.652301744160457,13.229693959084134,16.17104427640641,16.12972335705273,11.289067989038184,10.993615548105844,12.520582798669995,3.861734201404925,3.7148149713699414,10.63943689362303,12.079137301565654,10.237264313912146,14.166168725975716,20.344595346818355,20.55954353606917,20.967568279262487,20.515117068381528,16.814995849213844,18.46877617365436,20.391898606014568,18.25534876600909,18.2476456000036,18.022106945009384,11.427156584187342,4.921416958860941,15.655939237557536,12.391056357182606,17.508426689854105,13.474073769097682,18.71909229886213,18.867232378543346,15.5972177998955,17.573540742085047,17.041084384471322,15.650394565659555,15.749918755195758,12.284836953577688,18.699883926243587,19.873287269267756,17.570717842569046,18.64246624713011,16.7033463617003,15.848877226187977,16.65423339325409,17.661275904011262,19.07550207266884,16.950957486278433,16.306995237019414,17.95954320420527,17.470322644161783,14.194653968649131,17.69631219304503,10.954302444865656,21.334685227214056,21.142135110799774,21.404085760227172,20.885521034310703,20.88504904618261,20.20514246846286,19.460782632404893,18.59279356353985,19.181214259045653,15.358668251379788,12.371471850806516,15.734442633424775,20.12400830970398,19.23064688188397,15.389782676724892,12.356189938906844,19.08393216227812,14.96865006895928,15.925457092564102,9.115394118309624,12.245630758563903,14.818427775466388,20.854682324592098,18.50997781493844,16.857434365810846,18.611536602482115,19.08149337649942,8.095111377595657,8.267794926901404,7.544052717827913,8.503254904982036,7.453420443330149,6.735168449355937,19.79220317711861,20.81266115193341,20.06690083257551,14.840523356596968,9.754690279219323,8.052408902418216,11.42643640213142,11.681588354040626,15.319491247973144,18.60628190435,20.324599558113498,20.12758602127956,19.958742403599093,19.253318101451057,20.517945653759565,20.669970955620073,20.188506238121494,20.484887869146416,16.703938758320568,20.44015099088349,20.18016802092146,20.508572823212145,19.008341252320296,20.0172379809296,16.27086176709597,18.89729794407876,19.01961273832083,20.09095970607265,18.17190771694111,19.825996586480784,19.721153348650105,20.996691287087422,20.82145770239852,21.22766742399467,20.78272021102064,19.755835584549764,19.201803213557216,19.46690052487076,17.81660809363389,19.912919987821397,20.475847555890137,20.140098524025493,17.138409351344098,16.87428728926305,13.0404312113321,15.055345593503963,18.58508398317288,18.217319047936833,12.985021937411425,14.393375566372285,14.215194203072343,20.315408347967157,12.09243508982088,18.86169358864945,15.737565522651082,,,,,,,11,1
sub-20818,ses-2,1,15.26774406436509,17.978438860825268,19.61761190622994,20.12244885445446,20.896162901044235,19.467870573627952,19.712271079374908,19.50770818840173,20.918540861399237,18.599088691146097,22.64777639129541,19.1664146830245,20.046337270458423,20.31304705911644,18.917732520326624,17.81070735180342,19.391234292283997,20.007309137933568,22.06247773234593,20.791243390416305,15.773709997334786,19.81205250477702,16.88545046115325,17.859346875786244,13.72690345617394,14.661395107432623,19.76497186333832,18.8774111280339,20.320290873935487,19.62046773301757,22.61593398106945,17.3764789778312,20.696020508932552,20.96185048683719,21.409673138280585,20.657994330114235,21.278532841121873,21.35888791387867,21.590045157505113,21.037812792878988,24.106620144178205,21.52967982234251,17.15013770153599,18.106735303189208,20.177256431356422,21.545786652196416,20.16570158719771,19.081083340909604,21.357289351803647,19.755806054252723,14.69770535177871,11.957454947477054,20.498649159610295,11.901951488649985,15.048339929933828,13.43002933090481,22.566898282755123,19.91767176236019,16.583731408769722,19.73447284542907,17.508281720944346,14.736251865934705,16.091943006794807,19.632790695724577,19.194073433617778,18.586570765561188,17.86966302488988,14.914859547893796,19.16287315179598,20.489982885310333,13.908077556089976,11.76896628221386,22.01957351973249,21.141417451209065,21.552919643198653,22.018494045094275,18.85773660734343,21.018501074904215,21.17721325170096,24.131081140772565,21.458848078959132,19.543149838947222,18.017385607054003,17.22696553923461,22.11175845346274,16.075411686530643,12.548562419579424,15.2787435953162,19.763583858143576,12.790431748626023,14.06123112182418,15.396425472077745,11.862734594656832,14.40016972921874,21.671028846416533,20.343194507071143,23.780810935032907,22.88600097979884,15.54387556318162,16.922169016119014,8.084206794670406,5.3914342378975375,9.198342494189944,13.524523428510372,14.135782641626104,17.854871372646407,13.043702968476351,20.65187134588773,21.67206090897456,23.59162158775541,20.505268623989497,9.42792801973706,13.52251618278315,12.106171191980389,12.69690331805839,23.10340900643544,19.375141745550945,19.708901669859756,20.53645439271791,13.247265220628725,18.32107122316763,20.153462736497257,22.12312367015107,20.535427739578893,21.982363165008064,21.33860735717612,19.042370065717805,20.295575554011045,10.80133605484088,9.376607388289198,18.939737158346663,19.31540256205232,20.00212128003389,19.6398570965113,16.879303428472255,21.111758889684324,15.48704900399146,19.290285898388134,19.27725192428517,17.4415265143734,20.76097808185522,19.765154836988547,19.96888098370971,16.0843318066742,20.024397496098914,17.94611266021592,19.512507568677773,19.74399190625574,22.021542589016615,20.359748653446974,21.27120439117226,21.005454622717536,17.86586587971935,20.352707968560747,13.120180901174642,16.35608488119865,21.92751144826859,20.76145106892277,20.529947234912367,20.394896447910725,21.033708850561336,20.903807431433197,6.503404588962583,10.899214544015926,20.39371856512367,15.739851097718818,13,0
sub-20823,ses-2,0,20.117218386424035,19.1109143278937,20.799278928241616,20.50391737648274,20.50865940854638,20.894698713349136,20.302593090251406,21.06295169924083,20.404558706751526,20.789053068950615,16.142402384872995,17.95953242074953,19.44449849601836,20.614926136842406,20.211378792352335,19.3245067633396,14.555339093152016,13.89553788151209,20.883891887052854,20.371760395359782,12.498102229581136,17.856175840527065,9.176125687085822,9.590727641805575,9.237667445929546,7.517494761310269,15.984665876587112,5.245207259909548,8.257283091905906,7.057021775609655,13.368953133537712,8.987927466089989,19.926736053296903,20.60147782347862,20.48459156290959,18.642243363072534,11.59751010731556,12.529420905943788,16.820581043122232,19.283915563030515,13.457047046848626,12.857806998701005,11.579159703504274,13.749371349911808,14.53355264528854,19.620283980651426,13.535248007274667,14.712280737298428,19.27070183475411,19.830873090432235,11.32181355974463,9.415748180281682,14.363906377726828,11.753635392653807,9.015932210426111,8.041254464500998,8.53131672593494,14.74660033451521,16.35823906133641,19.730340329351783,7.36454554281889,9.742113594542513,18.07907825531895,17.590117862730672,12.216245774389606,19.53310186488078,15.880625700921794,16.41371611880333,13.697939852236706,15.858264176826529,18.17173619814528,14.62616881782366,21.57338069140594,21.466079858421914,20.52269602746867,21.566214215874567,19.899399892546423,21.104128600736708,8.78934393294305,15.652381060677213,16.383017804730613,19.84709553904569,7.928266720734186,10.070668682454908,9.128685091998229,19.772660656859887,12.23669273829553,14.041716421690492,8.03877647034945,13.316925629153827,3.546591362520119,3.188016541727661,6.36227884600388,10.170775310755168,5.098791883177643,17.92920368920001,17.904686432354104,3.4163028323454787,4.198053350466164,8.107265315875747,13.472000047038344,18.216408697141148,10.320110582783492,5.717085233626884,6.580340263911454,7.510296151149804,19.622852600686635,19.857989178283365,17.15890830629092,19.562390571007125,21.408599633463123,20.202162191093425,21.282718459556435,21.502104254768103,20.97471063280293,21.11726685839253,19.78398631490121,19.509419920744755,7.810411258744766,8.811313288532801,21.126181478771755,20.71043324244415,20.140057600420224,20.317439978637832,12.417881510828064,15.412627891026368,15.605853088964109,19.45047362503683,17.146536148250775,19.707184163068796,20.83993727604203,21.14619433296597,20.60371916849426,20.17972180307796,10.199480848173264,21.05277958854528,19.32400845279092,16.883647055100717,20.882754878633865,20.60439544325593,21.63692200635417,20.90404670844962,16.36030372148491,16.001332809421715,6.933719396159038,12.571388090272004,20.285598502460893,15.434585055379303,20.927293576001325,20.108737279423764,17.389106147463465,18.999248525305727,5.335440758372595,14.295143501323944,4.773877449330086,,,,,,,,,,,,9,1
sub-20836,ses-2,0,20.26704244226325,19.144190671017927,20.046617232295603,18.91086303300606,18.488040117198207,20.549890883011496,19.821609336725576,20.354774228305743,20.85074388699868,20.87940107886704,21.329564546118096,20.55582021216433,19.160328270696116,21.54300021616562,18.708048971140222,17.153545845276817,21.529662277095152,21.274827976298532,20.864766688722277,18.027644296546672,21.91834683101685,21.4335245987093,16.32964106434808,20.536139945621223,13.863438517696707,19.593959193878003,12.730397751262132,14.059104890030424,21.04367940281636,20.693636665793353,14.634428947617458,18.05846989029069,20.299002920724597,21.185132264128896,19.324945208355345,18.35910926817096,18.69269677089147,14.258839146708787,18.82856479228845,20.76797760196619,20.160975521484367,21.34062168672484,16.674862219292272,19.564674296729905,19.304283640324,17.494814044001128,14.95291491241287,19.165849397083065,17.788434610139575,16.113246416726902,18.621408477147444,13.927319550239172,19.289331765478956,18.79600643996544,14.251285544823904,6.795293943660065,21.80862410387136,17.53993332767426,17.602036502360193,18.151405032587164,11.219337334613178,10.759602183465107,13.185743339766868,17.60713174744032,11.949763126969447,20.261145615529237,10.737043225322688,17.621634636722035,17.046916238016745,16.445446859563788,16.838190404348325,15.452208683050856,21.02853958223313,20.851469910591796,21.34481192564098,21.94624188383912,21.558770879837056,21.72267468791863,20.172682112133774,19.972822328767684,19.21708857154629,19.674223036385904,7.220470047056722,17.43277067858319,12.726003953591832,17.524253326110617,4.16997799237002,5.454207540712111,11.93605077284579,17.067777001712336,12.386173603621623,17.882438838708175,10.150939164312756,18.22250869571445,20.86901360032139,20.74969307894544,15.113136274018672,18.127160322165334,18.40306864354691,13.694343218047068,10.544544814867422,9.580532192877476,11.579961637610978,8.443916735537826,11.99473634055663,13.17610406270247,13.63668839224058,16.458054084523532,19.30337664355329,20.423768783331663,15.336294621288047,8.439391389116212,18.016740975392576,11.48713047511852,10.846966726070493,17.546172548093583,16.864235405795746,20.11268375864799,18.69597601782445,19.647807193586967,21.25461761490049,19.72737147094942,20.45013971590306,20.02850853877504,20.151963605435785,20.70632141366701,20.68464367239952,20.609807542137784,14.696038088808525,19.41294382331791,21.026949835969155,17.39671696046361,20.309171489467698,13.156343969750589,19.00878531191653,15.919755782095343,19.398346200269607,18.23887712953121,18.950668068244056,19.408555143188572,20.25493806601272,18.356674117020344,20.31020719652927,19.006796427688933,18.64856520013073,21.298404402612476,21.243801540315104,21.20006453786173,19.97571912100231,20.0282772462161,19.741119945839458,21.29226665157596,19.88998648520635,14.668447031407668,9.89535213396454,20.457284836774047,18.704645925489004,21.210448544735858,20.87619290996025,21.18183373093819,20.986882666805016,11.828530311055182,19.493147806466663,20.093953192943076,15.6948128674273,,12,0
sub-20846,ses-1,0,17.80796465236728,22.23933314048034,20.23733190521623,18.917960169526637,21.45876695494148,21.56063383666853,9.909732398257637,16.003436923223326,10.897704970281882,14.043448416340588,14.560804934400814,17.562467838140567,13.991104827914077,19.295003427835155,21.11144436041591,21.297526133141226,12.262460277710735,17.92411213820721,19.09545522871926,19.38224599994942,11.486713254536484,11.409700604067703,7.602878650104088,7.246225706940214,10.73834020556436,9.18668177204412,11.794970682031774,13.90626111782349,11.01971253664836,11.728636036667348,14.187850047617363,12.842795141819106,14.743064193515284,15.985645313232526,22.145557908643227,22.015887554584825,22.091006694821186,21.45930574660256,6.218354517296074,8.12747820456033,9.18307060367334,12.332739959766982,8.460007100693783,6.827359682702013,5.101406995926973,8.481931282084819,16.907867617824927,5.253974863997465,3.727509203807916,3.8699440844963746,8.625496015421856,6.693639519609937,3.789174184357649,8.362614328258083,12.144725863185908,17.12908722274182,19.826969289927547,20.92402046989268,20.912549248565035,10.037911010060924,14.685116949191672,14.95977693790367,13.790140521615236,8.666334749403456,13.35891344915606,13.461936309552309,16.76593648041181,21.671900218913553,20.61552800967406,12.47960844702468,13.994279969047598,15.656064814871142,11.62658996312011,7.1645143231278645,7.381809157403774,6.529805343907151,11.221493407272447,18.348183087044877,13.777835713991184,11.59960209272834,15.566274200166546,15.028525896863217,18.495769581295892,13.208780024348115,5.721397244145342,9.780189415536164,5.480188385078502,5.211460108200172,9.62629699602061,15.546914119973584,17.428549969746467,17.13586735207634,20.5988657101661,20.23512382090335,11.490322304232816,19.58929669829297,11.919572019360556,21.442911410160814,10.922830764113952,18.61227663591487,16.883850923085987,20.88590389099959,7.535939135317498,21.700881217010867,20.776761158279992,20.937384465650855,21.110488946971337,4.603400996967649,3.891253397890247,4.272453677787805,4.85622411872812,5.493947170098414,13.86136491868782,19.62925135194731,21.31275852530454,21.22376539324844,20.72516612367106,19.20359958840539,19.689012969144223,8.014033625038252,5.993677896889574,13.962620047295143,10.087502839869304,18.782989134553603,17.41301994097115,8.41090318216668,8.005227116285969,4.987854922645657,4.479450317937473,4.6628722975007175,5.06104968485211,5.391938689283727,12.507500005039578,15.623826413860524,8.657414922130847,,,,,,,,,,,,,,,,,,,,,,,,,,,,,,,,11,0
sub-20855,ses-1,0,18.811611776729944,17.53590186022881,20.27665874069787,19.161069145041232,20.108870819930864,19.636199784406863,19.62200061371339,19.596378353364592,20.510198943074023,20.068375716708324,20.58598560749646,19.097837953041942,19.801276405297497,20.287257484854187,16.787406969462914,16.38016672831466,21.151969997845207,21.070153709530725,20.089133214338563,19.870668182532786,20.744650197187006,21.702669769460403,20.77508559696354,20.493225837512288,19.58725528909646,19.459966784564447,20.340092918182357,20.584129524971154,20.981468754582423,20.50703904428457,19.738044267134587,11.234788510870244,20.82206929384228,20.786608971176296,18.3422720357658,18.72873155866847,18.32180103860784,19.526984786222016,21.31986684555851,21.58267811942327,20.985532673493083,21.04953262639438,19.61923965762698,21.650200053607435,16.77745086745037,19.7085564623925,16.86423497957312,18.34266089945621,18.047247941358783,20.295227066528337,15.683008942318494,17.69294341817618,17.046123645197486,19.18993118250097,14.641702870510018,18.95064778338826,20.487400302797656,21.025902447031697,18.486144726970203,17.572895999005464,18.916517075117778,14.438344332220474,14.961958466654142,19.882164048675055,18.541454918823135,18.857523043834355,16.522287924587722,18.642488707728138,15.603471733603632,18.48721564502673,11.54150951812035,12.696213019834854,21.294692993881313,21.093269572143637,20.866664228190626,21.3135947871956,21.31302065498474,21.10886442363367,19.980359370760112,18.174944965084148,20.190390076510297,20.430211454404592,20.390522913537666,20.12763362443794,19.954958845276323,20.22008711970997,19.253904741907498,19.14738429700745,17.97412208756491,19.952264235870533,17.720673054279363,17.901841169410357,16.482616712642336,17.7609816750613,19.74791153156791,17.807816652757307,18.30793788406278,19.747243402829387,19.40504816281969,19.728953020538793,17.80292377125733,16.28485333539658,18.26738589248862,17.902184339710715,19.429302617271055,20.214880548591204,17.966941948019162,20.898911081776554,19.71610728709079,19.916217342949853,16.300409449971163,17.728697685241567,17.366629597995022,12.846488667292013,15.982918904413332,20.13418428269858,19.470959405988083,19.493393299212595,15.668522867426768,16.569586127284882,20.33372823532264,20.78294129681666,20.592377396361755,20.686631274968317,20.510649558971252,20.651666923645163,19.525288484443077,18.40645568223318,20.437811891925843,20.101599708282897,17.966204031009134,19.47732166948109,20.03903149882234,20.173045861294405,13.605387285465456,20.38332161260068,16.47791828374208,14.210085304009777,20.80068834791097,21.480365613700236,17.73840443358668,17.786625549143835,18.042456291267992,16.804254442276047,21.561016830080753,21.26652167303804,20.50940168706282,20.133167272381925,20.223803865506554,20.343575511662593,20.8480345534182,19.704774426727894,19.688848677600554,19.68774796806124,20.22299848019788,19.33196283161902,20.307369100784715,20.256664555438352,16.236465818732057,19.206889936057777,17.003212727718353,19.97724304671352,15.113098703692692,18.127894323627007,,,15,0
sub-20865,ses-2,0,14.841922441639102,8.259146501981233,20.335436636153805,13.873678886320246,20.82599762441466,16.32908425815075,17.067598458540974,19.25930875247473,18.98423130360763,19.74567370866181,12.450728884045944,17.63824001908293,21.287536573965777,20.65020007475901,16.564816064256096,14.654170622107742,20.519321486818903,21.06935011572758,20.8353222100464,16.52306019041516,9.715658064796957,10.78164113045009,14.91075934170911,9.776129533803774,8.822095044757383,12.76161106562751,4.915065287639395,11.320073569916692,13.690117969012642,5.171692496553771,10.176982005360877,13.533665951545778,22.46965169626341,22.386852763831836,22.119482017881005,21.16602674636217,17.345789979165495,19.500858251143995,11.828376912138964,21.864023660124055,10.667805003292589,14.886937351050058,9.655548382519074,9.78947271180111,4.356493239164244,4.275189928904749,4.240318790442039,5.4627117551711315,14.704089480915204,15.76131381408657,9.537616420440235,4.180241790799657,7.650172017116994,3.9399293585411153,9.625234154182518,7.807625361449424,11.411051648817391,12.219388370749112,17.239025805409575,8.743906433735658,6.195003272558108,8.24951170459717,11.145166626814122,6.451838330680375,16.77289774612538,5.66080425549676,10.665489008661329,4.933772367551876,7.400482562445585,4.446231850788163,9.68532371350108,9.491070600217652,21.76241180986521,19.34865591509976,21.722696304576715,22.655840598464984,20.480131353118747,23.08299448338797,20.53082187848803,20.58189462136287,14.429771257948538,10.912257846746128,6.522005939227224,11.893178051264911,10.71825265159443,7.216770412823145,6.464458913564393,9.621429083042743,8.501472805864603,9.837433075169338,4.301376446830711,3.9561264572842134,4.201063299770555,5.689913400430227,12.22328002214384,21.81619504154409,20.41128756550102,17.908329789773262,13.17807660025299,4.852111189087777,7.658113778156626,7.42330237611664,10.958821938043377,4.003921755327931,9.48886972081307,6.389669529660868,5.842198934607217,7.422161980476045,17.729287195114757,10.526767609906036,15.706422660054564,6.236012432831375,3.727917507149799,5.308547849088756,4.932144430027225,5.133936142659058,13.437867585687792,15.841981447600665,12.821796912857636,17.006027697021374,21.39732556398752,22.86908784865259,22.02301508404072,17.553644120831226,21.40621805465803,19.017266419483217,18.281559321665405,14.605823485715677,16.026663036083875,13.930576052881843,17.127871616198938,11.4269041532363,16.727513326822844,18.7966661261246,8.425233223138374,19.44926372150011,7.361124200229176,10.110457762915908,8.557625522587333,17.42230428005168,21.492725856961524,19.52320690740308,15.897254870859292,17.771389716707493,16.45609245791922,20.502765052258425,14.552710269872724,20.82495997702469,17.819989283818032,22.266529728135097,21.346046812162225,17.27033647674638,18.430513589434376,11.117981610817672,12.835216915857718,13.517416490382796,12.433066316832685,15.066005910984268,13.951530904273604,16.570211584492924,18.583204433234908,10.293901648302793,11.618292351476686,15.0982591822963,14.117383729699938,,15,1
sub-20866,ses-2,0,20.665332969786665,20.532198668851983,21.17380432967214,21.07060514683933,21.116757686653273,20.877875250233274,21.256146903268636,20.945939435461852,20.68861420589147,20.515711630179368,20.74037895688796,21.032339821335817,21.396382114885615,19.955768346580957,20.947935131667524,20.83782062364278,17.648341697507185,19.003864955847533,20.72894074904574,21.07157654669826,13.77959224552606,18.38988647422896,10.6711442206331,17.509911527323652,13.837453640029375,17.54366271538151,10.211615933374665,13.70148937303665,15.101323672114413,19.49598733648859,17.19716623617119,17.59511727531507,22.106550841038185,21.473692197004375,20.84454906874163,20.700902879114818,21.0731684322476,20.60736707529597,19.16332223819461,21.041761932519695,19.64493325540405,17.772341303368286,10.58786454382069,11.759190321015854,20.006037899160628,17.045281781421846,18.00614074466491,13.64695011153328,20.74074973608451,21.410778373739195,12.93675875759013,16.644356483967552,17.545799406652648,20.3676366235666,10.317589399577502,17.325245379703397,21.130000135007165,20.91363803898676,20.06401723153328,20.00185744084978,18.26991932046188,18.87299082591276,19.83130630141373,15.635995018902994,19.684593828197084,17.393061510266207,19.422034400879426,17.624876611281913,19.621235428422665,20.07331500936747,19.46631776652552,18.451278168860135,21.27598881063307,21.745169268296472,21.493381104294652,21.56046026173858,20.85814435586424,21.243175620782463,21.49602385735356,20.98952671150535,14.629805993355935,11.534927327575216,16.01211804350259,21.900663698319068,13.122550957348386,20.51597015079888,15.715359856092965,16.142509831616557,13.140630315057038,19.762523516788217,18.458224045317035,15.537189670720595,6.456465011263842,9.726203009206248,21.23963170708171,20.2433473896166,20.891274690920444,19.951599393595203,21.066303750417212,22.02558047190282,3.260002789540355,8.052525055359979,12.408987338608664,3.466857005775858,7.5984417253220515,5.186643207359195,9.171731125468716,19.599933031656033,21.40935749676739,20.62745623971201,11.489815512925254,8.528779993638896,14.845390870493716,6.697925387852079,16.945047773134284,19.609464914032156,19.507002099522865,18.818410321036495,15.539181519865766,21.089196551280427,19.515243524771684,21.30355994449396,21.60653384001274,21.335267289877653,21.22496086829194,20.84621096153916,21.074771029289447,8.709687450065255,21.377373714611732,21.197366647717253,20.62898215810183,20.71579744365822,20.88189555560482,21.64019662237658,18.66230406238316,19.08110380029033,20.60064485207627,21.06499902855242,21.217624188744423,21.483083856824997,20.177948605933057,20.81171188697252,19.92494078404985,19.3843215314988,16.451603155858376,19.583179721815473,21.186051864162465,20.74976685018486,20.97110408994462,20.98052972965442,17.530388416405607,19.21606783624853,14.589334776316484,13.771990433566629,19.4096538057251,19.31721693442761,19.665313129597745,21.48847527495616,20.117699607686166,20.72322003535171,18.35911040612064,19.212384368179674,15.786596437157456,18.32579942365564,,,15,0
sub-20902,ses-1,0,17.362686869019445,15.30563996858859,19.555050879650395,18.44021179207482,19.76568673164896,18.229184528108647,20.401902539560112,20.02064236662292,20.703797280625597,19.59324493096751,21.343050616950343,18.5719411733784,20.73892774048743,19.61795690422357,18.73619330739457,17.00208643550602,17.587503786682,17.827574017072862,19.860753060303704,18.875089279533498,7.109578786330984,11.055809088984644,11.417798221340414,12.74286721837663,7.491733223638535,9.960962829906098,7.48253390718731,5.047036468949804,17.71682914962371,11.741651844657229,9.621736790326302,13.200436747914306,21.21288034789454,19.99031993851107,19.89491028266761,20.66815654927289,19.203461871636193,18.61995037890295,17.30684320081691,17.833865464768312,19.19321283807781,14.602339648836017,11.93982086258313,9.232634653682158,13.862588654025584,17.157871073591423,11.257423836782245,13.90636271926655,17.070472690862818,15.334533921538467,9.351391965222083,17.23216579230029,8.331419997553239,20.001210115961953,12.65039080982852,15.194115235013223,19.032340892028586,17.877928297370264,14.825429759147667,17.0475868779876,11.320169225975944,15.43284403569968,15.87679958256396,17.892700343991354,16.397054956033898,19.827520267793755,16.6518085786037,19.984985584495004,14.838368662244228,15.478526623838803,11.64634980428888,12.206863375213324,21.259839586540963,21.474654159281407,21.38052000886665,21.57609517950139,21.63816051008602,20.73381082655076,20.070278421388913,19.861833232870183,19.763968975775207,20.20423182489452,12.15673277329702,16.220817843539997,16.124302281402443,19.634579338277085,11.423830861837326,13.005310949132571,14.144361322168916,17.489967493417048,11.121133453355094,14.582594355254674,4.678937847772267,7.471259928521518,19.954885386575796,21.61508116021058,20.364407950395343,19.725313372027568,18.26576843572046,19.918155789675605,5.728330891361193,6.743749120577798,11.823080748145376,10.799532519040078,11.989880369631315,12.231132137922598,7.903662737068205,12.097095923063662,20.954415243756255,21.53155426771413,18.61232144910204,10.67581115732758,8.992443885260762,4.952249536422125,19.02044193788506,20.49465662938176,18.981001837373075,19.93526741811818,18.40032187936934,20.67426023989112,20.728282946855145,19.5165287350721,21.054069593997035,21.46686752130146,20.59762405999141,21.21933668075706,20.76651055525586,19.828663560264623,9.016774779778602,10.074695109375275,20.45054941582737,21.107826467700924,19.95233411543204,20.318706367167945,19.499481374351745,19.93842970514767,20.00748253351762,18.974416469724417,16.0214570864813,20.398123922066407,18.337295234625227,20.22534067007418,17.916433503638558,20.541846116357252,12.199402389173734,19.883880168717507,18.709332980345124,19.320605037283784,19.979346966202204,20.30242218074345,20.614382783724977,20.69669778215173,17.06570341031412,16.71140011147726,15.76857808685261,16.832851285075687,20.23041580585508,19.5358575698784,19.858034423788283,13.5291117075419,20.094401356207506,19.562834618324622,16.704265843437348,14.995523384565644,17.101716522231744,14.68301527433551,15,0
sub-20902,ses-2,0,20.949002998189055,20.03930583092021,21.05592247992206,21.054699275837113,20.93034161849372,20.671568470756853,21.002771379923747,20.937979934956935,20.685027990322272,20.50620498422312,11.941960174139547,17.21254408711919,21.54287409434717,21.556019492638484,20.284191830095665,20.464947387120763,11.775502212710382,8.353503720336994,20.895856350145856,20.153785508169467,15.900344744734154,16.489621548057873,11.412265696009635,11.041581947172403,13.57718478067168,14.55178919903504,11.210802157176795,14.121163991839076,13.402907963378343,16.854385302733917,11.643791834308772,13.310342935293562,20.545353992057233,21.530180712747025,20.489430403830795,20.877792153856156,19.709849915355655,20.963931859818924,20.11793324464806,21.092295377194148,19.772995062925727,20.950986205642018,16.595648577259105,13.736966696458818,18.77955391298616,18.638124291060624,18.74413906521356,18.43928151446874,19.987337747701375,20.33149635178339,16.712446118929105,18.479446158734472,18.043467043888143,19.605970331696764,12.522841312139256,10.794774196805346,20.28682092878423,20.84189859278,20.34568454641944,20.061504500680343,16.78501379542501,18.97865642084626,20.070940801683747,19.87087892364146,19.77809776617856,20.377706071352097,17.23653472639243,20.634354045251413,18.811576172510744,18.994302070426635,18.424599017818185,18.926874972159546,20.783935758717742,21.303311099541176,20.861774726427484,21.97427357561776,14.460650604242916,16.09400779705539,20.14491013115023,21.87560011410104,19.967881543809273,20.706949836662552,17.22121221444523,15.768032662686007,19.189661121712028,20.971602511439784,14.66472414114174,15.456567418552554,18.712649493133863,21.460271038511596,10.213433649813611,15.624813521403151,7.806234408354579,11.907941975609695,20.078876647723803,21.621740774938928,20.3900976782348,21.465116439958223,18.48982423123435,20.196941305175724,11.590795667912136,10.050551286619262,12.554631050418656,7.28590222506082,18.81710683252676,20.87336785232972,20.18344433099819,17.86436082200878,16.381984491733704,11.217314196101412,10.136799670409436,13.64329788826686,18.87201086534676,18.73321949552956,19.82435799946162,17.241096210333648,19.29385655437144,18.321159169124865,21.44328365165664,21.300599113814418,21.636723290426367,21.613985913920107,20.262985495288863,19.988259087645005,11.17456035433495,10.557177086444518,21.084605001531365,21.035635674563263,19.99016781682743,21.00676429130727,19.835407899940076,21.2719491495795,18.18645322130732,17.641021782229664,20.731894376609645,20.737209437317365,21.355136956307117,21.678077827643012,20.574165594589388,20.360476961846697,19.996971631981356,20.64327668082299,9.67450115278785,6.677804346270493,19.381058511024136,19.60268124296499,21.18041219108902,21.33721784745689,9.742527958070104,5.701715200706423,18.6920691155356,18.448153441032773,20.79596167099004,19.95702164350243,20.422087701624527,20.99410094810502,20.744491199313053,20.533826191262857,11.194371728759158,10.526647757897384,17.15743777504625,14.3226843054089,,,,,15,0
sub-20916,ses-2,0,20.762857559450826,21.07356587364824,19.83788462593646,20.59359738292488,21.50253283970645,21.223577227211823,20.960839043027036,21.25860082928808,21.72516799356688,22.1597598331086,17.72121379953304,11.915238645030616,21.7190700139534,17.61294549994918,20.95932857399374,21.230776497193137,16.792730867216772,16.262188275740172,20.834361588916284,21.11798445992804,8.548964144899166,13.003381338101065,11.270460828504858,10.179344809404755,7.165923175025709,10.478087420425638,9.933576663402544,12.390601883624774,10.459257293847813,15.015881777734124,12.10591740514611,10.113332619820325,21.13003506687576,20.91922802655966,21.46890666332329,21.169226412810595,21.130160842323225,20.584688085273697,17.5592557962299,12.196863029840516,17.30235829780533,19.32197121848434,7.317598880458017,9.60292364653361,11.043393547161006,9.770836046238776,14.757075226753752,16.893297593687926,19.648718365367735,20.90441045745955,14.75763020198446,16.470819018315865,12.252715106463372,15.77655005130564,9.096107702438928,11.72002660066194,14.164569464873724,8.747589024074715,20.568744863426964,21.12202304489866,12.873807444264264,13.242638283168514,17.886890308421744,18.654992019165064,17.88058979091206,20.792980873032207,12.795826964867071,17.525519186234607,18.455631729685273,19.14300273099633,20.295911852807823,18.97232076715208,22.53115648177526,21.865201127172924,22.371313259603895,19.12652378164284,14.553952975698486,19.93471648165406,21.083103196271605,20.435035749003976,14.78588165669687,14.62310756063815,9.59515854742181,13.8679286016961,12.977254614407329,14.063856949533786,13.209415533248476,15.573984449407757,10.108463666998937,17.84161228266762,6.289336417853942,7.108558146918108,7.5530911762108435,11.48505788299173,5.184569059835944,7.508811138439341,5.536812076914883,6.127629958636549,12.505312149706407,20.886104415457467,8.095649236062384,6.047124822729041,6.367253817618632,19.76995538989535,18.949280718581736,19.41392658128741,20.011919024698543,20.568983883424337,19.93227684427255,21.1498776486007,21.231024926509935,21.675999150149497,20.93165952451397,18.71889242551644,20.575596171822976,9.57507377382935,21.280368031563203,21.03208061390693,19.961883360744245,20.46391407499445,20.711882254714943,17.897658519800572,15.656770055137574,16.690832118189295,19.7697635951733,19.41574869970393,21.770197760078037,20.476025521398732,21.078082676387073,19.572826117664825,18.77858695394669,19.739928251486873,11.910038918935031,13.778722503503682,18.80576905152163,21.448596072339676,21.35522801496947,21.572356776205364,16.05559371364661,16.57929229562202,13.013353894465492,18.082444194806317,17.834627426471084,19.452336985801605,20.13521289112142,20.82825570140537,20.15117352715739,20.187672944218686,6.335405690573321,4.936076245208017,17.478119229379367,15.07761086379212,,,,,,,,,,,,,,,9,0
sub-20916,ses-3,0,7.570016946689373,6.190491050389607,15.556675080134928,14.066031041093211,13.652677111845758,11.97220498056635,11.579213685905035,14.729540382007864,13.737102072346534,12.544256524054893,20.134364381385044,19.89086004029072,11.060093343558906,14.577153174537704,20.748717395440934,20.86443132503529,14.694452702318095,13.001620544362735,20.59345100624715,20.460286923503972,20.90514117856196,20.801686726455728,21.339800314899183,20.929698415772677,19.232129172869502,16.768514756489544,21.68223789058116,21.516048268097364,20.641824991740943,20.719952571970847,19.98770909981041,19.796287348421757,8.127795464934259,6.2835310139244385,15.97421834650681,7.371889835307696,19.838056340370592,20.6980330162929,21.24630579420354,21.535349671185703,20.316499371635363,21.027771023690157,12.767133570733982,14.477163599114707,5.623529496300716,4.529822602043897,14.222921300001708,18.16980388483177,11.962694691432995,9.44060113994667,10.883147751671604,12.851850135486146,9.08986354622776,17.324252592552458,19.481857693101905,20.422631913377067,6.655917011053633,5.983133576056334,12.991351522073964,7.52198794540677,11.267281634926162,13.075642573756111,5.034900305459763,5.899959611388644,10.622297154427136,7.646844195104983,9.05760890112516,9.893389099474852,5.978312619521137,19.91494324271435,20.10908778539415,20.879357376642808,20.55759609701453,20.603996591080865,20.742598700000812,7.544986562141563,10.403543291877252,16.20309014891879,15.087770635690903,19.999014768659535,19.279934839402465,18.61913917716292,17.469464768993934,20.945407386234507,21.48265888712237,19.598895687569087,20.658149383101133,15.909597914151602,16.675641253097155,12.660724131977148,18.17511191175734,19.97312937258059,20.118605615087695,19.936178972853025,19.796061724571675,14.170886537355608,18.81586527685249,9.909540851914656,17.867226024037237,17.708533785230742,19.28733479126461,21.058970229637904,20.18882290905812,20.092061610720627,20.476988458953596,19.957828501844094,19.60844461853109,16.368423408950537,17.446711477263722,10.025491881420525,15.683313163653722,20.332196621305147,20.741742741061955,14.430809971661034,19.37404903044165,17.359880718657372,16.319670554238055,18.973361439328855,19.445302004844393,19.964667568348418,19.317734364985785,18.966351284178412,19.32714634232741,18.22119213634541,18.7463807488394,12.976028742350929,19.318406902868652,19.63660834909391,19.49047427183947,15.03658732675084,20.552665225398965,17.440480203908823,19.681659845755338,14.82619126561765,18.85005106691479,18.831695647369255,19.295856204796625,17.088433372043635,16.220840745027203,17.129253135703667,18.346359168981156,18.07799081848921,18.494862566736792,18.756753354471996,19.369429410974583,14.851706637680063,14.335725338130391,14.320249540716818,19.71731341973249,20.17806238146935,16.971365375070626,17.474750253317563,19.370174059008058,18.582453673005137,17.996437635436923,20.175864463777668,20.04501356438231,19.114301165835062,19.36966837005337,14.790294086209416,19.51650486536384,12.996348064852253,,,,,9,0
sub-20936,ses-2,0,7.824291061966497,6.1486816283890615,11.966429377693752,10.619395244851678,12.10116356388952,9.207150027457022,18.70301281099595,19.539487071493895,18.58006353927532,18.974853342112528,9.912243082798511,11.98878838343651,19.67231780090274,19.732051999280127,8.684370529873567,8.027307079334246,15.93354416640096,14.87118271358752,14.80202539005529,12.794287979522972,9.04226263252166,6.648653260468726,8.644332065528014,8.303542966139787,11.307842001060605,6.619351104829102,5.76495738140626,6.1247545952653075,11.568736679059892,12.77954067276571,6.6790292618710305,15.863655788200422,22.002722004345976,21.151473997374676,19.5269137450122,19.26733512663782,19.808345011207287,19.032450502141465,15.255326152751053,20.596308094486886,17.655391415130765,13.866462321079174,19.83309310569316,19.919802612521885,20.51730670651022,18.587639175967123,10.122467190675362,10.688835546733287,15.466658148859516,17.93271019761022,11.315537435498356,9.39698494884945,12.684749990173827,11.687481750078817,11.113582928288052,9.101145405000365,12.080521855359098,12.7598243839014,9.560599705758442,6.05300897448344,5.481551283121313,5.810151595493064,10.803586048155024,5.68250485564717,14.65503119276418,13.759574796250384,10.74230660094392,11.065130774800693,11.106807711875962,12.370644020308688,4.893787211736816,5.487037711316775,21.498061633597885,20.787758062730862,22.252232219825736,20.653867871716084,18.79311392689641,18.264479155748703,17.490036397981605,16.310091346670767,20.199205096807596,19.6717747305886,13.718925178522712,17.05573552778077,13.537239724970489,18.22264138249867,11.643715065219244,8.338375462266137,10.501561187727493,11.305117397994234,8.441934670057922,9.05024904384692,11.642796425660825,11.63117356109343,20.637003941794653,19.6032124487028,20.31836140109502,20.202192371832243,15.049495801108463,12.501353240154144,6.937008448544955,7.532378636376712,5.357099879000209,9.17323960542916,13.811978579684432,9.168224215261931,6.245404588826386,7.152481758916144,17.312147903411656,20.80137210769049,19.910496500184937,12.800746782035764,6.205349432354334,10.877402255030198,15.707124215396153,19.681692774019407,14.871935123464496,14.630070338661149,17.466770254568743,16.33379680746879,20.605796180205775,20.518448712249608,19.73877647224915,19.899422934982585,20.151787873420368,18.2604782165563,17.292124101476514,16.41610905792654,7.545631824810979,19.703017258642692,20.562872910594557,17.64235505202868,17.57807253497217,19.411682168975283,19.58704316035093,18.656317118299132,11.23718583341734,20.119190177853618,15.249958640295636,20.934358605007105,19.707464017053457,20.774817832254374,19.993510778758385,18.4054817603946,18.222113456255585,16.830091289704352,11.346858090650382,14.315985371099869,16.8529638744985,17.653582651022493,16.200496941784962,16.798400987908206,17.013790824001575,14.190682918184567,13.398893848420409,17.630503854414577,19.09553000147436,17.226362403944677,16.083914567142603,19.55173908793877,16.316785674664974,10.78588404887586,18.562443880139117,17.981256304348214,16.51777173744263,,9,0
sub-20953,ses-1,0,18.89379850320482,19.08135311226501,20.394607805044057,20.200285361245346,20.583566747479622,20.509465658920348,20.672757304133164,19.9580864813894,20.7872961875739,20.30627041787639,20.917314765274035,20.76363820063084,20.63084222263653,20.3403578247482,18.01393239242127,19.267819586045952,20.597270040901016,20.235648317421948,20.50965921050861,21.07022530754592,18.87279026480531,19.3779505765651,17.36102605725504,17.572565987123365,17.438841282498842,16.484908229524116,19.838342699859385,18.238205858145207,19.384580259556017,14.834925113008126,20.746237038547832,20.51031367464116,21.813578032573034,21.12809732536067,20.25139736775626,20.82177897690357,18.260710233040378,19.090574392742862,20.779935372514387,20.891806708483145,20.469447771535886,19.949904435484783,19.38194876979536,19.31821523844126,18.897954241151208,19.24776450415149,17.564018618884024,19.52057130803476,19.247467064891968,19.94708850693756,15.50241298764518,16.832970408024114,17.23196113130263,18.06848226493651,16.90783090660634,15.550883247831834,18.804137638563457,20.475459506930115,19.5175706372543,19.494622364307364,15.91434287759919,17.494424766602624,17.4123214941871,17.66344164551128,19.70572694943321,19.33226203073478,17.883046624731797,20.352815072330873,18.290325996737018,18.935352336281586,17.25408155055686,16.62549950491205,21.225999054152087,21.283530410238228,21.335351189163532,21.855361979825084,21.222508620183156,21.671249467616224,20.519181448356782,20.879581872586044,20.66118532478942,19.4372018380336,14.77646773039602,14.921972121956951,20.246819601071984,19.464061403168323,9.606457672725195,15.949946744096913,17.427121894970277,19.33491419237255,19.163247584430728,16.464044096233216,12.690862973160185,11.3565090686844,19.06792175996459,20.69084034187208,20.07365331817777,19.94159143148887,19.58281083978538,20.209203500140095,12.322115615913258,6.085480802600592,12.71929726431145,14.036896963046456,12.272198991636778,12.680788079823609,17.708897310152626,13.538608662971791,19.340437221924542,20.388951258189387,18.786272940482448,15.168326207760378,9.56289419231647,11.143658924281008,18.153338360023767,19.54316595530359,19.890846659355113,20.004035180056853,19.43119172284838,15.687168873116969,20.59673082026685,20.7456229627519,21.255504085974852,21.05342335373237,18.01728978502473,20.869151349624435,18.88999036442923,19.920658537797305,15.83379763042073,11.56228013768972,18.4710772415088,19.84550448233856,17.98949692417855,19.948895307413903,18.001179990787048,18.664364973244073,18.33644414887234,19.618372634886057,18.053409058365936,19.454645117608045,17.99578755811786,17.018679715755724,17.11830665001271,18.621294213966443,19.6616197924098,19.628402418850836,20.667601868536337,20.77679251074566,20.75319273618243,20.84005242378992,20.36356364835554,20.10561148481431,20.968628771807182,20.87777315040883,15.852071977586132,15.027430240621833,18.081799757312258,17.186621742453664,20.146380040095817,19.3794259161139,20.256748528325815,20.09484585651555,16.53665739611384,17.24803341986467,18.55909566030607,16.728316293368437,11,0
sub-20953,ses-2,0,19.06583664025671,19.51756297389108,20.504589242599437,19.395685238134476,20.472747050493275,22.353390749739216,20.337394592207676,20.595871788544414,18.055050514908608,21.205142540165795,18.77766453074256,17.480957423629114,20.880851667050603,18.76065524851594,19.89799784125979,19.601222630737908,12.81879946800264,15.283200884684138,20.10218153397103,16.580494305491726,14.696063301602358,15.633178314343686,8.424183218222048,12.437189133796348,8.609585725971677,10.013605899594854,10.197419983669365,10.896469057270965,10.265525644836416,12.909457209827456,10.335887500881798,11.24833880987084,21.2105926261141,16.97708488884523,20.71476407587431,20.574465568491096,21.12057587700132,21.587585846464165,15.098047792635384,19.657044473550837,12.610389074525512,17.349201841873157,11.123333036305912,15.74658991754875,20.583876972201487,22.014665781642194,18.73723355876461,17.740117850053696,11.86373225788766,13.452177633309455,15.867972124024076,14.82750858074784,16.477396639615122,16.588354288055772,11.733291985082424,9.71646352886841,17.202705368964523,19.10569396269854,17.722095567068852,17.920233489327636,15.15016921794821,15.797806014385516,17.242705507324494,15.065792518149705,16.96853184167827,16.883749940715536,17.15291543873791,18.58759348948128,18.911752946271047,20.939011827250653,15.695495289964732,15.90755100019044,21.68102043135387,21.671442295740203,21.04564317998019,20.57491087271116,20.374472770911492,20.299890092765832,21.190307067866048,22.07698997107499,19.574537134269296,16.794657417741238,10.055446362681389,8.884755937745092,15.711940045093485,18.002838512865814,8.771436399748646,8.636426334893788,12.556939786523737,13.971402987190222,14.574986058411238,13.18107061611115,12.07738814629841,8.053310430745826,16.949774025143416,20.715745860210927,19.53045233595625,19.760383011341297,12.951789367167994,14.220085744068122,11.137458092297416,5.239312118780897,16.03491608120418,13.654531461843042,8.654660437953687,13.654327358090784,8.94006832044565,8.010346090148548,20.16144287398806,22.06612147003536,18.44339110185454,12.449408696182791,10.119360615919302,15.291509068769829,12.32675373814427,15.903551987105596,19.877989486968136,19.80003971706037,19.650923161867436,15.113761374497226,19.185253134152,19.5765635365935,20.92777378142545,21.26467804817284,20.99330010035,20.944547957184664,20.279886188790467,19.65787387694518,11.902348764757637,6.120232661974269,20.85113385051509,20.798100795557463,20.52420733494605,20.45285494852429,15.905612244066004,20.343240197604516,19.235898486827903,18.8738325457743,18.967229444173377,20.992680150945613,19.74336065222146,19.551308139708087,17.994972777309886,13.66099585080314,19.610210702499508,17.43404398256814,13.087593040481066,16.005993116143248,17.982429507176427,21.206974298398656,21.10731820135162,20.76835792177937,13.685340541415211,16.484014728698945,18.283632604575764,19.32919281022669,17.82305027182582,19.586289078942904,13.688459036337097,18.10980214823547,18.974855075821814,20.355368550998712,14.145397544863524,17.177656427054238,17.294734365808694,10.833185500943198,11,0
sub-20961,ses-2,0,18.551292126398693,18.1661579900204,21.403266646792098,20.400786531976255,22.4657512749608,21.8289648672087,21.614728232241237,20.713385576606143,21.248748019606545,21.29748385081288,20.08305918239583,20.040508266353008,21.411687035728587,21.184024678440675,15.90269296082204,15.497559002233958,21.15903004130362,20.66551766720993,21.522349187463288,20.94578433952068,21.868488756811512,20.878361337435145,19.462438892088876,19.91376921340644,20.18639695827015,18.020818057129897,20.792144928918827,21.28957277178685,21.78119902242289,20.43234942115579,19.388570877211592,18.634592425620067,22.200932072556416,21.54811415562147,20.985886121162476,21.576184670640153,21.059304018704307,21.47626586925558,19.446927880481116,21.151862789781063,20.723861081043744,19.11786402206555,19.482125136769763,21.473590076248875,18.01409115515947,20.97658261859779,19.254108641272705,9.681776756452953,19.14819996283298,19.151898281449657,9.906317667152493,12.097141026943124,11.379728113626616,16.369996497437757,16.785041896068595,18.043757587988964,19.819733695256325,20.36165712820784,19.65258020414722,18.03739309967942,10.45498953873007,15.409466678645202,11.233413771461102,11.118108643009789,19.45562980956742,18.95113500966468,10.600843861180604,11.894722561005324,13.604824823949611,18.01817296766475,9.569170075445822,14.247181807118608,22.27631024370254,21.957330064699036,22.847242696121217,21.728605406978815,23.113139579465795,21.672084529460445,23.205308752902077,21.53016513938712,21.3504351580813,21.67524196801828,19.69257719292334,20.336484375175555,14.589389559032965,19.449641470071864,19.923267505029244,16.40932651888277,16.620210996973253,16.071237105117465,18.96460891122961,20.645647716894228,6.636720575648724,10.461256235785507,21.561386731014437,20.026988028331175,20.702226038670652,21.860247130639195,19.02152485870443,21.75792394580482,8.781020587300933,7.873638469824159,10.941620132394632,18.53056365751042,19.71414777604959,21.421252710459484,20.408753436982483,18.973829585594288,20.646165953234185,21.683456241693207,20.933735080470974,17.10697918859183,19.35004234164234,18.230288902780355,20.942407968760502,21.68209452693736,18.796918184387355,18.602505082097455,16.819432437682117,17.08932502777021,21.81914389867125,20.66924983366308,21.999912371049422,21.376499896662526,22.989302527968395,22.26833972072245,21.696364381259578,20.443469840190343,9.931642039660996,10.651002544741758,20.265419396008223,20.913701312174616,21.6562044895848,19.619370228252706,20.37700106375426,21.52126052602723,20.05593291182965,18.825269756496432,17.52873081138334,21.321316196839184,20.138518225916343,20.953392109117047,20.602875226315224,19.738296257351937,19.07991392687869,19.674339164867323,21.01797206034005,20.625957249963232,21.365968012489805,20.89612531861716,21.039130841129133,21.336996027396378,19.641039514659234,18.758694919602338,17.010812014556922,12.593749762146237,18.446962109042733,20.50446879370561,20.48879104356159,20.143321778649664,20.674226881129,21.001278377332824,19.11019610820567,18.891973275519423,19.24754642171028,19.194860676493747,13,0
sub-20966,ses-1,0,18.523313830021667,14.58764863083984,21.24473434229833,20.692905150127675,21.122390962361017,20.62951191084986,20.90272170148769,20.93002391180353,21.45062674254859,20.439385272651776,14.849610536564366,20.078184427838973,20.37789787200423,20.41914600175222,18.21521417912611,17.797434301150375,20.762607418720155,19.90965457303407,20.701120858387014,20.905873616807867,14.542708548944484,14.336889211003218,12.590007690552303,13.19082675666697,17.225353860231785,10.817789988906211,18.30611644502875,15.254650300494545,13.69430283237444,14.445646919329867,7.431045637142157,17.44822577113498,19.101496532399683,19.63669855809255,21.04113664073739,20.744374297779206,20.023717900550302,19.778939501802697,21.30692977331742,21.477192283480164,21.000912433603546,20.65980238395664,20.965117160036417,19.19410026963983,9.853340396145857,10.528274532263689,8.354799706833255,8.134727444362237,10.775754860041742,10.013318428206627,11.84159160994868,11.556799175453024,15.329436610272731,11.337781374823653,12.468948677053332,11.929369108110926,13.657216178453393,13.48739663602866,17.310875563280963,12.65751436123148,11.584646996754804,7.005877612062676,10.586685525196916,8.316250067989007,13.201297642981542,11.352254368692735,13.399520268138287,12.651954859308384,13.600178423735851,13.159111995856566,9.708236988112192,10.062800591074147,21.06399283925619,21.61850763247908,21.485911910248948,21.572854385727577,21.190951577739373,21.142937419811208,20.527819757132537,20.704347322548852,14.703908579799704,12.543907093000742,8.211130283242355,10.78765248089682,8.888671676935017,15.08683630170398,13.038938033000097,11.804944542701753,13.590224236779008,13.965739054768004,6.5067640643467985,8.808713563780973,5.105633986641741,8.168126640090032,16.98891036694531,20.522617185639547,12.671897967137372,13.598596203517204,6.496743786360344,6.491913481978662,6.4535475935168725,5.869632196786127,7.867490125403773,8.187863191207061,14.480443110637124,13.92807362593996,5.930450961002979,8.45024237105276,14.187109748062316,16.102630919953715,13.397720434045809,8.76305671808979,8.339703207663273,7.069864997147753,10.036891718695184,8.74614492352814,19.64211463002346,19.20004807809513,17.066818200239016,15.701845337119623,19.78569926129552,20.53140323881653,21.200255099198923,21.169940489646375,20.901682989685717,20.63676287269531,20.47507246073017,20.46606923775044,15.54902237718975,13.38305600114253,20.727452904466855,21.094256567670275,20.34609942706217,19.04462857495118,16.58355464842551,18.802953669821687,15.894514663805769,18.94245446875099,19.240968489837787,20.76464370732729,20.70108271220063,20.00976486657956,20.024827509628743,16.479432365905424,19.02993090887313,15.264481338351963,19.30736300683755,19.1547294169194,21.00466658437193,21.399696099686075,20.3136252276078,20.577953336566218,21.169666514279378,20.583341227070992,18.35262074663898,18.29341125112235,19.16055679277103,16.634007201034077,16.066438659431466,17.98797603194314,20.44830694442371,19.686759428038513,17.482680653163094,17.014049443839827,19.507230909559453,14.309316621901775,13,1
sub-20966,ses-2,0,19.270497351227977,16.458249093586367,18.905751379560343,20.11933563345268,21.151005560245576,20.062540705605365,20.977934366718895,18.224512370460925,21.206779592410715,19.834252757011303,20.31116066393617,20.63293817761077,20.862722226208437,20.9839471306172,18.83341146247177,16.861724878654066,16.685723714052372,20.55728415287491,19.897405728357015,21.316791641934767,15.520653462002487,14.816114161555044,13.130482360651037,12.800660858794547,13.62998484559439,9.671994923897874,8.82650153316127,14.902185954279426,17.653304446474344,19.248013093264593,14.808404144832206,12.25085866935975,21.063563333975026,21.025824808500005,20.00897684364363,20.694512959095903,17.812984053931704,18.669511501796155,21.33114256540363,18.943361126404064,18.491721674257622,21.18016100453121,15.580776250601886,12.35919855730662,15.171489345955884,16.704194366221092,14.94434808577532,8.459129752487755,16.876712399366827,13.432132057950936,12.477007723740192,15.306071906436689,17.734820309616616,17.777173589251742,14.914835877230148,16.40380479686233,20.306958887524644,12.12974219823689,19.50381895491962,15.13186254891383,16.133372792994702,10.601613392431553,19.256764722252125,9.63122417612992,19.689369618583186,13.676638752026555,17.98716906887499,11.603114746198376,17.21794373956912,12.412277750623552,15.822407935133445,12.77096657235586,21.33177050186124,21.42713929632377,21.11024293419048,21.88832718678766,21.22259174612806,21.33100170657347,20.69187601870288,17.64466788527122,20.685136849688,18.302220754793662,11.809080624178872,16.069340412028797,17.48561735816349,12.358260324777056,12.532098004879042,14.61530550445914,14.188779195389792,5.374946202729671,13.51376123891584,6.743942566600527,3.9025729771458018,6.177642756231167,19.301929739961803,19.372319385313183,19.11686116024726,9.760207943230176,16.36358532586775,9.084001538487222,6.83382505057216,5.732042875735857,6.706401883977631,6.367895447839886,7.478605336828101,16.832458341172845,10.896100769322212,13.204494123462524,20.86668090945657,20.84951076004791,13.435634071212252,14.967447120184936,6.43513248662823,13.889366440690411,11.34130661753577,9.334394899640795,20.245855362782077,13.716085491933626,16.183230009074443,20.342866449927012,20.58229637086709,19.938924469683744,20.21709871183412,21.28261450669198,18.336157831122723,18.754594268454497,20.99750753321901,20.85929536342299,12.232692344958384,12.633429033540915,20.699871441617848,20.152990470267664,20.59931873789061,17.614709411730765,20.970867579607074,18.35020820841018,20.20458877092361,14.25972494760256,19.025132850990715,18.930579510670707,19.54603931542786,18.14953802119227,19.500506715995265,19.83970809459192,17.565800487334933,19.616994079820977,19.54578808949561,18.5797868469545,20.32116705482026,21.116960709086676,20.07580771062081,20.63195528951367,20.34534578732344,20.420992332481372,18.568629973208317,17.206173579948505,20.01821831330336,18.334926483430102,19.74304201189007,17.40953206711061,20.843754896636657,16.654172291300352,16.1580303513418,17.041569714226423,15.987982379975795,,13,1
sub-20966,ses-3,0,19.875056501933535,19.71703799878196,20.164190165974382,20.555655053238677,20.331501995086256,20.99962714267149,20.779055882367647,21.18769172544628,19.135515110870926,21.115521083007447,18.772447115460466,18.857305223041873,20.67996020310831,21.05772086484068,20.598667415179392,19.713700555871796,15.595284707587613,16.160937194869994,20.252911467029115,20.198241043158102,13.942765466191153,13.544585569074073,15.434037375309272,12.533753640560269,11.611709337666412,7.093537421973792,16.508031913835055,9.644002784322634,12.639174817724976,11.795972791316848,14.888110876797736,10.268376017178124,21.240574660627292,20.865161683291813,20.640778299863488,20.336034560300135,20.07651844221543,18.13020381495241,16.23858083071895,20.94286901202474,18.67960182402237,20.858705021649495,5.814070961687008,18.574082746153582,14.403906224549296,15.006653641327532,17.066861173754386,15.043758233165748,18.06687739458372,17.878422301359315,15.966878445548252,10.509524472406946,17.053453009245462,12.779094830483782,15.617812091638868,8.685729374239402,18.89480707186907,19.419806614890128,19.63393056055007,18.98442654077813,19.338049772667667,15.678991290315007,19.044092766382875,18.96580637940249,19.49613031136623,18.827120522728165,17.347892665297238,16.316420935397357,18.20514656304351,18.59727595376024,18.779587889770305,16.075914916185905,21.611049892794952,20.23621091312755,20.65583856661498,21.19280427801692,18.651203526173763,20.742426053490387,18.58483692054711,19.285918375589503,19.86639362170689,14.598888726549738,12.87095246260441,15.676084418517489,19.27307021075567,16.865350809722226,10.513714816254588,14.0047479025664,14.84864102363336,16.598327083027904,12.427098439629384,11.20395245650302,6.592944101040077,5.577161928143836,20.74918741351249,20.666118623283143,19.13528591151637,19.241944454618785,12.411433554577847,15.212507799629645,5.858294594772948,6.9402401899320285,8.752476545899297,6.12835889101774,18.704460117594717,19.74290549763198,18.68188957357997,9.846821809493294,7.79428971575577,11.287547083400938,10.31509610056812,10.90386388981382,15.354211326292097,19.96478512904396,19.54980187365599,19.446825192798737,21.202381156551148,19.475906538335405,20.939988754935477,20.530454184011553,20.519693934117853,21.32369950123547,20.518993477289516,20.81562320040536,21.01644965748671,21.624627496775204,20.34510014616613,20.709306539287528,20.591788101762575,19.404806603762932,18.96623025073326,19.627064045469616,16.337431122282034,18.258480591024163,20.05678065293157,21.33737032949848,20.5409822642828,20.57775400549658,18.948546709516012,20.217618614650767,18.563389556468135,15.977868851558355,20.46674106212443,20.33740076651634,21.483529266828704,20.972239990519412,14.44182012035918,16.439531475175222,14.063020112785145,16.16882804980405,17.650982088621607,19.6149937624657,19.02943691738825,20.085194379142273,17.78250576011416,20.16323515865875,11.556372698819432,15.942815936228811,17.649230902717967,,,,,,,,13,1
sub-20968,ses-1,0,20.276351970488903,21.0243086283706,21.435527990634466,21.45517905985648,21.066165557805437,21.204929568102973,21.06566579721364,21.347715255577356,20.95758229469065,20.91189853984965,19.029324818684735,20.396177032066067,19.573485085356428,21.58303007224341,21.227799842412132,20.089954735594755,11.913079767381706,10.94499571259735,21.50418261456251,20.960491999970422,16.18942162280075,19.345561849823927,15.41185582054377,13.585264576826464,11.138035521588304,15.176932771994204,9.094546566883457,8.616063466341645,16.287789943630592,14.618301524966196,16.557830884580916,13.161921194608098,21.04562802469601,21.564191942525703,20.49318085285822,20.278499585589696,18.976769056695964,18.63424643190498,20.284164076431225,18.754062969417376,19.727010898244224,18.879092271835955,12.99676473760458,15.550066850473277,17.33144939384835,11.829536686992084,13.513788355911158,19.42176867603408,18.23149398389723,19.745400070740388,16.175212059129287,17.240147710135073,13.01739323648073,20.11596890247296,11.613547208585404,12.995115726169471,14.141151120600204,18.15338990779891,19.93881411782925,19.76634206033807,15.98873914303384,14.811208820885176,17.115593388261928,18.729527944492087,17.995651215909717,20.35000046669604,18.40867516010289,16.809742640694022,16.677005582319634,18.42083167161113,19.063943595325927,14.886218571608415,21.00752146488548,21.036270048430303,20.49444955442554,20.424512378865572,17.848840243152296,21.17460453371376,14.198821501322632,21.181993211052554,14.329757289497172,19.983214135961465,18.623525598243248,19.074526569113605,14.943423023406698,21.471197767509008,10.306635693883813,11.685745951960692,15.173655697134643,16.2325098325524,6.6268624473342275,17.69773248496271,18.981681332821296,17.74188470649719,16.55280728938824,9.386830501506818,11.08542167689546,10.850056965244422,17.042756596568147,11.377311997129834,12.014381113356777,20.346799629421817,20.810381624426068,20.7191246952364,20.564210489671705,21.334015870840403,21.07955847558022,21.154666873663015,21.69646793296158,21.159080192066604,21.471750601478217,18.802909166058736,21.636686264482712,10.000173882266571,9.105525601525835,20.68261499664554,21.72490082931535,21.2556749366394,20.639714416977608,19.382145261062824,20.923036128522373,18.04478463618795,18.297636731228963,20.709534083964183,21.098685344312,21.081626879549145,21.37749701815421,20.409061579785703,20.892500570307785,15.97927465249301,21.551498487713776,15.101371245321785,17.772508649518482,21.045703409475735,20.804310273210923,21.981127330740673,21.150494512089033,18.44419286973189,15.781725258108311,6.884436398988523,18.78656844488609,20.241945663864417,21.06101555672584,20.724969318218022,20.75541652887604,20.625013869719755,21.179738807080632,6.492884062814271,5.651874099266886,14.144483904925169,9.247953221104206,,,,,,,,,,,,,,,,13,1
sub-20968,ses-2,0,18.85254808806303,18.616406670442977,19.656235203399852,19.6827404170544,20.65936837246758,20.84475945631985,20.834752057760053,21.264033539819895,20.602087308537865,21.18349996931623,18.860287472571333,21.015282019936382,20.19200191234706,18.271024706864196,17.626923556272626,15.081575436014251,21.14343094009479,20.9718047372124,20.970396739162872,20.14309006540359,20.11352030237063,20.502512759350687,18.721538591222295,18.184701551197023,19.01480168624664,17.401432060534674,20.11895924606705,20.79616633042558,18.248342417006445,17.241209550667556,14.400619923373254,18.290210278599385,19.876855356971895,21.188609982258896,14.914608772035413,16.978530001743273,14.062717110989254,11.860033382054835,20.941082130840012,15.684666525245508,20.644308221199346,19.077440556744904,20.557913097647955,19.5095682324558,8.763779148525874,15.43034254713443,8.72305457822085,7.824646032632225,5.890092912016204,15.21675344922014,7.416153517975811,5.728188099749348,9.179898379823545,13.944664603250024,11.39961804637799,10.49469483504654,16.497228966926382,18.827377253015108,18.000428520967574,15.95815168457022,11.17427579312158,14.4100502220574,18.522193835906016,18.41503335996581,19.01312888584811,19.29516896549146,19.022078772191037,16.616359489934393,16.858287092015736,16.595955141035642,8.849803750024753,14.900796399109318,20.965682645473137,21.089038587273983,19.686694373774618,20.61556531061089,20.735703369929208,20.41325466329904,14.982376426008075,20.406979085843354,12.653973257418784,19.64999223545882,9.48049549723482,14.663675827908351,14.703873692699986,17.96830565792133,12.118138161768272,11.849537056230004,17.19272873562827,16.388414547863658,7.915001616452128,9.406544528139907,12.014373640944248,8.73779939173189,6.801131592362891,9.24322605736435,7.352495107510604,6.477134831094709,7.08925435151037,12.451595008362752,10.777279052200528,6.279943977871106,20.162748434331306,20.676154029740083,18.85328301496125,14.534841244236256,20.640643607869496,21.304423712616146,19.00370463149681,20.27411170502361,13.939205367320188,18.696552394765384,18.98703267425851,20.60571641010794,12.5006908237702,20.403766987693388,19.029512611581954,19.92063334105747,17.142607829764962,18.066642639905343,20.117891787782803,18.727497270624077,13.06572686107696,9.077088798934376,8.938904142151062,16.433258666218606,17.565544253451844,16.708971256769555,16.133820729818776,11.325595923351589,12.713978371578674,20.95285820843937,21.349134274070412,20.834196555477916,21.773169812010096,21.419122732022352,20.21926288551129,21.46847648084619,21.262323246640495,16.776723307583104,17.759168405275883,19.980471531916884,19.202032937357927,19.503465430867557,20.8408016941359,20.721969750858214,20.31576646526072,7.361983946722059,5.664519935412768,18.36757191671395,4.058133014471036,,,,,,,,,,,,,,,,13,1
sub-20968,ses-3,0,20.94887651084617,20.977919400694113,21.470604486826204,21.097185460084155,21.010624663998797,21.250412758002376,20.629511055815705,21.300369708310768,21.153448661253556,21.159781828895294,11.631572518801692,11.8712972189498,16.47771686786077,17.31996898883325,21.14704376580976,20.393073358927264,16.409051758073197,18.226196390441235,21.21992652945758,20.649638112765043,11.594551599252538,15.858062516923413,16.16425537454209,15.641401486101577,19.440216840439824,19.50969742513609,10.711314578157776,17.45407239680847,7.826109516508072,8.368196327878987,7.55425961599336,12.726874089702552,18.125694939315725,19.333682439654332,19.663441220603897,20.589085214098898,17.00430436036151,16.496311431632027,18.969977850175106,18.718456316298695,14.813140437847933,16.68668646774741,12.40369717347837,13.761237782810532,17.645418355552923,12.04201199005952,15.157239985979968,17.180836882790743,19.559551468045893,18.854242331968873,12.905771015282468,14.256156482064334,18.699088926461847,15.712618873723256,8.873259232390438,7.406485805223628,5.940164709598973,12.48957900881197,19.73962316162656,19.327059126652266,20.04098725559829,18.17284953899066,17.92104388240135,14.857950526022146,16.65454322645493,19.6963201652303,17.799067513318747,17.70272087462346,12.154084123886216,15.88541961246185,18.72159363436253,15.54000697136484,21.146982888356305,21.240458855462897,16.9879894231803,20.41154282415329,21.102877421347337,21.89028082616396,10.725058744113154,14.358242494739066,12.778769388112446,19.281507787876446,7.9997107624070996,17.398155263495354,14.664488201216953,18.16804035653393,4.038772131281518,8.285576182111367,5.291723845959338,13.138709332235162,10.053928083772773,10.441333511803837,17.66077383539049,14.633958264222928,13.678860005753254,6.895357718637534,19.91006766128942,20.646613252510143,20.693401984479163,20.82675712951005,21.110820834371527,21.04317498515719,21.457050450412595,21.837672952791035,21.298155646730056,21.26116956680629,19.00768212038441,20.31552331560954,12.39887123172288,10.07635446574763,21.38926155330936,21.59000663596932,18.720024544803533,20.815871221865848,15.89069506239085,19.86862059151495,19.043579018766177,19.454330204635788,20.3010228297158,20.264293128289097,20.848133082191943,21.62310792141013,20.07214010625019,19.8691916692935,20.260935865769717,20.194753450201674,14.78641750318285,12.9727633010435,20.406694275340776,20.304171831255974,21.16220077626659,21.07111526141976,20.636335226374932,20.820464562438403,7.818545559627049,16.07791139116707,16.53338943320534,18.402527865467217,21.168921826553255,18.62246683132676,20.218245971170223,19.97101095852545,14.9174850813822,,,,,,,,,,,,,,,,,,,,,,,,13,1
sub-20976,ses-1,0,15.213948180176915,15.578774561473136,18.51803655460886,17.43254471061323,20.271885653532355,18.2011382344414,20.201620900255453,19.77065089550652,20.578656671158903,18.23407544851951,18.93977593958569,15.277535406835304,20.66381651012627,20.075944810806543,15.628817908548967,15.127133316180435,20.420415395428293,19.9608473501906,21.259942139288277,19.78961638921967,13.875655974343692,14.306943639068216,16.3438164579073,16.584043560852102,12.04021725341782,12.89665730948864,11.748103115804978,8.269998975988315,19.28257788666611,20.775123024954663,12.17213885553435,11.03494412373639,21.528235134171872,21.09603949797345,20.406111539945456,20.209856379707514,20.778896886644876,21.10974098793847,20.767463478622425,19.934170153440807,20.29793003507977,19.103529923786628,20.234044311072218,21.38294543724036,20.132540507809846,20.21738933648677,13.585954567820632,14.552515879370477,17.447398463080873,18.51859584587824,13.995062381605075,15.210521136727266,12.639594910235608,14.378204100356037,13.750505124983576,8.486801948102158,20.124708508657772,19.358054314767383,16.369495080314323,17.18399466074738,13.10507220680697,13.652953919008551,15.27099343561636,16.070708296031974,18.4753675640067,19.89783696598374,15.964880455079047,18.02323147558367,17.052090956874572,17.487671125619258,12.80025269944102,12.052986989450496,22.410089305243705,22.000564207616954,21.636709172222627,21.428708206793825,21.526243887137735,20.533093126544145,20.306311113995474,21.004071854623444,20.80283479730213,20.82705922676036,21.512141622605224,20.589365304893818,21.13476632957756,17.043021349818215,12.421488533817772,12.022118426066072,18.76092716656651,13.209322677343732,14.769549534340904,13.303191890564165,13.80937655422806,14.916626229327123,21.39216406634456,21.81767079339331,21.00763307212662,21.176784162374187,18.50931800164507,19.387496402461224,17.909488201470523,11.672500284138362,6.951482531465433,11.024409030239948,14.697817862031776,13.476758412074616,9.158668137477004,6.630112634010584,20.92708591472911,21.60640056762572,19.982112908556683,17.88568859728406,9.697662726908778,14.91678901289841,19.035489509320573,21.084093391693656,19.588294433722503,20.04666367662564,20.39760400496846,20.287796090827868,20.715723578151614,20.9752170499974,21.41347785927252,21.612857963940087,21.10919237935947,21.419410060852673,16.063708345323075,20.061556525322757,11.59481426741486,5.638626266558479,20.64446216212104,20.55147147624268,21.5083470947745,20.591330819451812,20.38469575422321,21.095640504234403,19.01682959146652,19.533116722398532,19.842812891944263,20.893352600763652,20.69180515279541,20.40968152412412,20.60432262447246,18.575696937587807,20.37657518994867,20.558637681564953,19.240631004630497,18.152574282013624,20.789236510332017,20.96856620690439,21.70596216850889,21.41574454486276,20.235349610306887,20.156319729086093,14.532028325867014,16.283995421798984,18.795514797491588,19.498501775065897,18.76673613113969,19.57291727358624,20.651290967884712,20.43471117872304,20.582001239570403,19.945834465297533,20.51952343681867,19.26910359086198,12,0
sub-20976,ses-2,0,14.732898895486098,12.178799138039064,20.931252318211406,20.910115570001025,21.693796042664484,20.903669043999106,21.11796404566389,20.04717482109544,21.44162594281311,20.086145716697317,21.159589185818156,21.05430645602426,21.352344354592493,19.60645541496889,18.158947637583935,20.078459401648168,15.629706206406688,15.46303827030854,20.851614279121943,21.149799495761293,19.31916468453384,15.536092402642945,5.604845459572008,9.150684789489016,8.509859159772821,10.695071025164513,15.474259497041984,16.307913553328362,17.04536126801752,16.073218406078308,17.06524320647756,14.568938295440416,21.44803053273607,16.587622058390956,19.81561976330071,20.75267603132535,19.1560192765801,17.741271527114804,18.232672554152614,20.262689547312775,11.856509142944777,14.00000455397674,12.051087649146655,9.993136102901031,16.603198112008425,16.870803715233343,15.937544477528547,9.081001292173932,4.278844231319602,5.117705770103117,6.290879934468426,13.19314108427531,10.907942731091287,15.644794557098724,11.049224650910965,12.681199453093065,11.195809850600238,10.707571852171382,14.513179681653405,12.735612370081244,14.660767243531389,7.679275762974608,15.047868499406889,11.101877562578927,13.55040696719078,18.657340414674852,12.728758923592125,14.82732980274959,15.05308416549569,17.766875110101736,11.622629145188617,10.808734407642374,20.97246413305673,21.793892609313733,20.71573036486235,19.924472263093733,21.50285570336386,15.526747311975834,20.646083249309548,20.8338744385384,13.874836851619168,8.012332009141623,19.373819467842125,13.560704810026824,8.325703888232056,15.045165433744092,8.464954292836895,10.972126812017066,8.209659413704287,6.414512889338912,14.995026737970749,13.446345006244393,8.275078382706665,9.334073546030083,20.24064824283924,21.50308946322801,21.06505846201248,19.82000640158266,13.870793763055175,15.74030602780683,3.3520187127073484,7.864725913684514,12.522665836539892,6.64869149071431,2.840843000532816,3.1648044762680687,3.174850238839035,19.319075036356615,17.674491346838373,15.147593047409725,6.678277237256117,5.878052463804017,7.533543429379713,11.3853955200292,3.504148344740703,18.584060231734657,18.60409093456061,15.523576999016177,7.933610205222907,20.376637917913182,20.08176947814752,21.38734278447562,21.43852782233988,21.026088809978507,20.82231236440023,20.800099093624617,20.088229635052848,10.345798104429615,9.161152079034965,19.742949413551035,20.32639197209293,19.73806084294754,19.914817384429977,14.321302304965526,19.151265644587113,20.265954572733115,20.182465121519417,20.51998632859339,17.65392578204446,19.594815567769228,21.460658325801145,16.499376009264196,17.46147056352243,12.461449736350763,18.866151669950057,15.39623021582531,15.803030062625773,21.19315320897511,21.30018323104675,20.655956355159287,20.489240785152298,18.52861627074921,19.25168851624892,15.547828989771173,19.58326828410707,20.49229838839645,20.526505210134665,16.467912122260255,20.563516138570833,20.741087140676505,18.29373120603649,5.7601531128057,15.128010918923431,11.244969259862556,19.35717533044368,,12,0
sub-20983,ses-2,0,18.396875705355185,19.6198070874282,20.48759926492501,19.623214452302523,19.654075480333624,20.12596614593994,16.64789965136261,18.632212010530512,19.10220429087844,19.960272956586724,10.365320535989245,13.12866839621319,16.76904013101836,18.58885618142648,20.33556378036915,18.56292735639152,5.835798105904336,8.724711971233768,20.42293736053227,20.30086933602953,11.534247190444988,9.48644744366061,10.150280266841536,11.463514673759336,13.400145198927175,10.941317514826398,9.865509611696774,13.7486230176808,11.80423562423959,9.748004532114203,7.66977437897215,12.583319171859957,19.8161960717675,20.57247827203676,20.837603603299325,19.233862483632095,19.84990047803887,17.067642087652263,14.858151787437931,16.38210727343079,17.39354884970995,16.808377359155973,7.26653275805778,10.024974524292428,16.67463338333567,11.568399108530665,19.37273936737473,11.870360747479683,15.395415605167257,15.64998951803371,14.382822171167057,14.889119122871712,13.800705219210233,13.359277362075158,7.558040258153976,13.49188850521748,12.965684390088375,17.21156249878383,17.164741033855364,16.905637791820975,15.255935257951752,11.334474825901928,17.235589865803533,16.98282847453352,16.40924937230675,17.424681388759574,17.520091382574634,16.095146123143866,16.852528702974922,15.777880148959047,16.670871669733515,14.322160616463018,20.53372219070623,19.940464506523817,18.686678266502938,19.314011586052196,12.25522245185224,20.50685392151316,16.478657039339826,16.266346140757694,11.93758668278256,14.740017049964846,14.117674355718844,11.233926424530797,13.183402767599212,14.661142911593409,7.244124609639453,9.105491963493806,10.30052541825074,14.656511297368471,7.858275038829617,4.007150749833187,16.85084887780008,14.88874528607302,17.28099673105798,9.993366863110982,11.000579505400015,10.385333436647624,8.059276736225566,14.700773561132738,11.767598421387742,10.823256678296753,10.623905454661957,16.190520109123003,18.666905677818075,19.131352067371605,19.84274209653384,20.56545659560269,19.24886738844697,20.70192738914174,21.329940215683436,20.812147986927673,20.691359711075755,18.73020892537761,21.09980970030516,9.261481082849825,21.34808830436315,21.315845578595813,20.058343432448595,20.147902671628845,17.73216898136087,18.602831422304316,12.98721070984655,19.467135401982848,19.528384291039178,18.706723569456052,20.88937727509653,21.250176583227493,20.777678692545592,19.32396512097051,16.484138230817784,20.296369804898283,6.3402921937423695,5.985607282780636,17.574405348261553,18.814678852412055,21.17671746704221,21.275453539161777,6.9606583762677845,11.094528433663928,17.367351575572766,16.268930074006743,20.158956862331028,19.384826219013217,20.213284519540668,19.501960415465913,17.095533159074055,21.349057764529373,6.237162938960088,5.209859269793222,18.562754162537324,11.296657415387552,,,,,,,,,,,,,,,9,0
sub-21023,ses-1,0,22.0124943300033,22.243430992797084,22.343269450211764,22.204118581438944,22.252373733034393,22.0224971648014,17.179935685235876,13.973564163894997,13.83439043974291,15.54742653261975,12.35008240841738,7.8971277288957475,14.689546949016073,18.40426380429853,22.064476487374744,21.96998507632451,7.680428783156749,9.141339682722773,20.871151102751647,21.916271088167555,11.075105067872158,12.782125529890212,10.25469227258388,9.260370250031803,10.864279249543308,8.627963670377902,8.315762473521804,9.540628756927488,7.538120634269147,8.373674498520083,7.982199965514386,8.312584854393412,14.18336385348465,18.08520179125535,21.3398621611934,21.239962116288584,20.563377105119528,20.211263540453658,16.9188327274338,17.38353997854865,16.52382219772114,8.215000196099123,5.058862270340917,5.834836313866054,16.906947713103865,12.027571185386716,12.301763373495312,13.640963317975844,16.488423761000973,13.313897121432248,12.055258318840725,14.847388968045156,14.911405004820717,13.519356197264678,7.031098588168264,8.87369597105717,19.902384949832115,21.495018173339783,17.060073241332834,18.693557039501137,20.1780757642394,21.29238696280126,14.476871513148131,18.349468880251443,16.831045500886546,18.089510398054827,21.199554415979694,19.825932757285756,21.435910531438868,21.01979680230008,17.340919813042426,18.66359350705993,13.265483902546958,18.66242017188226,10.932887355247551,14.183017388209926,13.973392523711142,14.297419768771746,16.68262972706247,19.269880184699925,12.667349250109735,10.504180095563896,16.59675180430447,18.07648727784343,7.080543336600465,6.967397676855031,19.2592201029592,7.680261869821598,8.636761419923046,15.504406840094632,17.443989878313186,16.085639359871905,17.82700698127684,20.196745492679565,12.881649625829546,20.42790364474868,15.563383959813017,21.772708928060077,19.46906777485988,17.186462544493036,8.834079795630101,19.52821929450256,13.58401892811508,7.769805334950647,19.371792344449773,21.27066261392627,20.427865894219515,19.885778852720374,15.688736783365778,8.704258384499077,10.81292494567872,9.294756347270196,18.497401018487125,10.64559096810258,19.540873957455908,19.435221287238537,18.840125100880567,20.976468441426608,14.9113281525935,17.900878502103392,13.053634885388549,8.847271012439386,14.95529984316506,19.522696305827928,18.8247006943261,17.24269174777258,11.098264099026675,8.863238272107617,6.4076011567066145,7.066549975045623,6.086138799917075,7.445998971976224,7.9243438222421165,13.279367480977598,6.966760036748297,,,,,,,,,,,,,,,,,,,,,,,,,,,,,,,,13,0
sub-21023,ses-2,0,11.648028628172913,11.818900266921425,14.71735583121121,13.138021458388728,13.566432077343126,12.64658062560502,11.769403993560193,12.195640943046538,14.414115457741376,12.343538234716965,20.381989826321675,20.03671090329764,13.765051727802758,12.61567865361738,6.74510181624592,6.056429421511842,21.367436547598217,21.54642883481283,13.630503673868551,16.30588291678596,20.866393861884617,21.56578473945685,20.874353129702715,20.50909209668155,21.063420764651823,21.78365105979944,21.715604076059584,19.8404620838998,21.42767841128804,18.97472658872714,17.876630102662805,18.107026603354196,21.091770552888736,20.22598783203161,11.470430460240213,11.45851818791882,12.396432245458223,14.348808737438196,19.74730253731269,21.455583134520545,21.028801996644415,21.418268842891617,20.495329691687314,21.68798801103562,13.235547317019892,13.584161814755143,18.718080857289955,15.24055668467908,15.22427482120178,16.818079469360175,13.672376363292043,11.64956177009268,11.770408212794829,12.456780809894877,13.017620307366402,16.00754457970346,19.4055855986411,21.050275914627672,12.074317792477132,10.98915395215852,12.204095959334404,11.093744227057154,11.509344658376293,14.080468060389029,11.626808544741907,11.927948843337951,11.106188260553616,11.340915877556126,13.071162220486215,14.855623602480176,6.877202834409353,5.944832552316798,20.8282412373946,20.403844781044583,20.328940115598034,20.277484835320703,20.612298346654217,20.83901266082253,17.18363874128614,18.537250030187614,14.828369010382508,13.390876659116886,20.98638889551868,19.221032227717252,16.562906286390728,17.119003908331656,21.45493119357912,20.79105778759745,21.393919052957827,21.510545142348175,19.720211148924697,20.183363707405135,12.387583681244497,17.23033104710353,20.150377749336567,21.090470836095385,20.541452706404034,20.887850433877283,18.192377163430315,20.77255456636728,15.0126638347497,8.251214321230567,18.43696698734191,16.86900747745814,18.77863725715109,19.65468768940489,18.683468806820404,20.057369669961528,20.03992836212369,19.725388507037533,18.19292759900159,15.369196502031771,13.432976836020153,16.55414813001154,18.609996180650658,16.663464035142106,12.15691102282034,12.744173477352351,14.645262596982295,9.601946095882123,17.809715339308784,18.60554307830693,18.905722824844215,16.42960649205322,18.054523788988803,15.67497229334502,11.311626438594768,18.753875144971182,9.15038290480532,18.162351982785545,17.337976571405616,14.521316284775985,12.1610686300505,14.402323195562245,17.46501401067445,16.10674020397586,9.810571486473169,17.540840479360547,19.94983317624537,18.70519251555808,17.697071190563484,16.71259589030899,15.046861173014966,7.041274972138133,17.13568358590099,20.882786529859988,11.777386458262244,20.56034048390159,17.697344870921974,18.90729484284639,17.24248149279781,21.037288080058783,20.603410106816867,15.842544085099622,15.311071720917305,12.577588761583796,14.31212754433149,7.148866024353836,6.631373739033644,16.696881180494735,18.309191223583277,6.403831065016726,19.21652405414981,18.445060589567767,15.26032686243567,,13,0
sub-21035,ses-1,0,18.549928720822415,18.123545013337797,20.55655497864369,19.718228155376337,20.71240391443076,21.38428797052582,23.150495605459646,20.065016797321285,23.264448562767704,19.60059263586832,19.861821271150266,17.58910762077242,21.363909320484023,19.92849039088901,11.255435698298603,13.646356302087804,20.256388247536385,21.382618143809957,23.271514396176485,21.10330686049592,12.025465521498084,13.743172433236827,9.384300749035669,13.69940909614566,9.907814327696212,8.362577654949305,10.895210980854902,9.094002588388994,16.09722031126132,23.432901655722297,12.364187988773214,12.837641365743966,22.576157992891407,24.858724219506804,19.617646255662176,20.938372303974795,16.30713965411697,19.073044354324015,21.69848298863586,20.217933120800012,21.74331181247684,20.890657721442594,19.77771203247301,15.545186114802728,12.138935393986989,15.340849733102488,11.455360617864295,9.398346586788866,18.173090787938015,18.06548975286116,7.837988403759635,11.681054626550935,6.682991097049119,10.827899409813588,10.16826544369846,11.593684455992449,20.800903386900455,20.203060745906768,18.033072279639075,17.95681319143367,10.092962405950946,8.867790444688907,11.984302890678444,11.72189635357697,15.66825688768257,17.65622535788257,10.44692200311838,11.467358946535176,12.27728469344367,16.27874478476471,10.416528155658057,10.724417667412204,23.97232345316552,22.69031629992664,23.764441650570568,24.78744845296253,20.103489685819493,21.50483281216954,19.71315610207173,21.09994259882926,21.348437235350485,22.27515150681474,11.054685157373145,17.9748634781303,16.918066456987138,19.59366890966354,11.37061486330172,11.271166990339257,17.683905494195855,13.581343359060034,13.625000913017976,14.709368049190104,7.590473379919718,13.152301028603476,21.479532607681215,21.778580703215773,20.456599399205547,22.416296694737575,14.059065510579153,14.715874159422407,6.330524101282007,6.637770983842131,12.704866712076388,12.303927839556454,10.023010438132356,14.08259152811567,8.427015734746998,14.079998182258231,19.83776317471639,21.478772207816828,18.621338697369563,8.479204410908011,11.907456386021384,12.233204095248068,15.837358336970723,14.105794776952678,18.22807447721836,16.637473699848385,19.52565698802034,14.91912409001327,20.63399144230597,20.39256644017241,20.986363824479938,21.50842730646585,17.75758263769994,20.43662746335063,20.84979186813892,20.625536256983587,17.540526031761154,11.081240557659516,21.030219641389955,21.040858773061345,20.229184493344498,19.7033546925532,14.376070587684838,19.119710956511067,20.781582344263615,20.837527960079477,20.59777922661509,20.25715829291664,18.33672147744936,17.835181499050265,14.190466655465457,15.945182652974422,14.806086402574042,18.47968663316481,20.70072211294309,20.01561495404071,21.97354989783116,21.159162517956425,23.024377200277836,21.954885885552407,23.093015923900445,24.335557572341735,18.42154453089955,18.44020213580372,20.650985356433107,18.57678375195295,20.42931771226602,20.507897950586138,20.792770365145177,20.839369963342623,14.249797500757408,18.90504873775612,17.117899217584046,12.391783085727978,13,0
sub-21035,ses-2,0,5.974401322920482,7.683578223010809,21.26617472640264,13.903367495693468,18.69761408600624,19.37946500615715,20.021116899703383,20.34446864316663,19.476131302785426,18.483430173348083,20.438908228327364,20.948253720185072,20.57557964214643,20.62846049040436,6.155179591372714,10.796653974447704,16.843920628570704,19.87176755876044,19.00923873915206,20.615027599245696,20.63197217707638,20.726154772902103,20.45016801873887,20.348737034735382,20.527425909679742,18.631176623638865,17.779881959008005,15.984492722234965,17.917156594529498,20.860366855641804,16.68011452272238,14.8573333440835,20.716562336344463,21.316318552228747,14.89872357858672,20.69057436237228,14.890521325614008,16.92860674518139,20.796934927118738,21.359316802551326,18.227347071036142,19.53640134383267,16.604685377503454,21.309484394555135,4.78060609907109,13.442428315987796,5.479188397305322,7.942491894414696,10.311694390406323,17.732788718936877,8.760544950423967,5.753447437116158,13.857307626806046,8.282308969306584,14.260543779727657,8.011871606566118,11.070513289852734,18.350316883810233,7.378612477028065,7.945156893830754,3.808770326606228,3.669008511308099,3.576662016757513,4.200025200173718,7.071388305215795,8.521754805254977,3.595734436808833,6.596101759920241,5.897318005108946,9.562489002809205,4.464535262219334,5.019052507656484,21.08885094604301,21.010951287689323,21.476852904866245,21.317150740539244,19.27631112898444,21.956077618717188,20.06332059691086,20.29236360225382,17.50038232117505,21.067530933625644,20.08262013659378,20.88487222643305,18.194075870615215,21.503393827568228,11.906172407398394,11.70614177043739,8.831233757316483,13.56028536219858,14.632125388403892,5.184251546360131,5.148396961536557,15.34970869721208,20.57359345790382,21.48707270067672,16.31271680866366,16.390391617161946,15.716990737578165,12.23596627208521,3.087349473310759,10.42502366514341,3.945556697321172,9.522201588296898,12.353924313180348,18.78432941664218,21.14298073543395,20.83802615790703,4.272544133329692,10.988173715047006,16.94602371793477,11.21896273336323,8.778856557579822,5.602468678021135,8.51898205056883,7.632819772743659,13.336911187021546,10.443709797891344,13.404255893890824,18.408291471563697,20.976690536063405,20.466097942779125,21.19939768380885,19.244842081655623,20.468235071564575,21.405281634677415,18.55124953042415,17.093618923425442,4.484771708527645,17.59474736896603,17.34824823684311,19.644981972876483,16.568095952278767,16.5024609139022,16.668827583203445,20.06918772754578,17.503337002840915,9.555361583517898,18.944346853327524,12.381640959818794,20.75464527393342,21.24848045552622,19.58156946226856,19.94720981743359,12.144911081597698,9.932471189201069,21.31289268369961,20.221543349249355,20.412370226178613,20.533930387954957,20.177033581995552,19.961368592562955,15.802054702508917,17.29886176095124,14.650835670142534,19.06176167886924,15.388955049335566,19.862611578847705,21.696653005299847,17.59354575186218,19.18322866652681,20.984345891993794,12.68379061593168,18.95374903357763,11.132460847941363,,13,0
sub-21035,ses-3,0,20.61685665966492,20.314646306502222,21.04940802382404,20.588001391808323,20.51450386141184,20.413789047374543,20.58484028058005,20.625694275292844,20.1936119674481,21.179108116139663,13.524735403771048,15.771092249364225,17.619536476019217,18.639668146149923,20.714345864355327,18.980569947574207,8.612291877239443,17.677714101472645,20.699734114061695,20.423443314271125,11.112578582431588,13.394371927882668,9.319453845595431,10.944980400222144,11.001481802524562,17.962279883245174,9.641602511660802,11.485542355982844,13.066583020850764,18.368393794576008,8.678733750083861,8.883318276818608,20.052834656190292,21.083697819915425,20.19370780858487,19.68391638606238,17.31860212126276,17.694741241009204,19.53932439896926,20.912192479704107,19.904432636952546,19.68445715970439,14.16329253285607,14.668949910375924,18.983367064443595,15.59588877365417,11.845006195393085,16.98158486240266,20.635232817615098,19.72356846124115,15.663985658933736,14.117423210314865,16.137581729266532,17.11705470769609,13.4534582356006,14.708943149240234,11.408879882481596,19.819534978412236,20.325995036873067,18.97276293128184,15.281319732417236,13.095484057965727,17.954176888260662,18.200121802146676,20.33774135947986,19.522549968466645,16.089568626951593,14.804280403415326,14.493212832174772,11.862830913834646,19.025087615366985,16.329027854463806,19.67216049569799,20.674272352491087,17.111511310582795,20.03582045309872,18.47017397011333,19.55146001404649,17.539866005722818,21.003133998442976,15.805397552680224,19.883109409888316,15.70178035141426,13.646732954964982,11.299514061801403,21.668278451708463,12.184858737627774,12.470057785291994,9.510390739594362,14.722615311756517,20.68037781613402,14.253676334269292,12.934934066737076,14.289130206896283,20.418250380428542,19.154390076676645,10.864227056781804,13.527797337136471,5.747849018082811,20.05730929018164,19.71942666047633,11.00579529994275,10.5328557501141,17.200042725285076,17.98236003122145,20.680273595074546,19.35870471272609,20.506561765001848,20.476554531569537,21.897892992739717,20.422396186479347,21.179809218513014,21.460804953627527,19.82227680862983,19.511982376605047,9.79665305568248,20.47916620682745,20.572033025300435,19.795930663262578,19.03449424471885,18.344554761930716,21.19834785241067,19.961892750021047,19.75556321539941,18.72679334424818,20.362529449125898,21.66953961975634,21.506540168815015,19.35381632258019,20.388155391285228,21.08063507684061,19.483438142098834,9.435360960438295,8.73731118591914,19.264856009129907,19.899351219723343,20.575537213016208,20.889676546865005,14.301711439599089,16.920467358935532,14.534072974365952,13.16384302118339,17.485872072819078,16.52666311717981,16.942813402801665,19.373104155048573,19.51624518973858,19.160143272730338,5.359387169973668,4.99334277041849,18.952580636288257,5.723409837220213,,,,,,,,,,,,,,,13,0
sub-21038,ses-1,0,21.2245045625197,20.56438024291111,18.64918350244177,18.672615501574967,22.614129771927487,21.905115360912895,22.76787144793734,23.194151250821584,22.79798732030063,21.192299478805467,19.25021949938965,11.17240118801908,23.708058288072564,24.152916851359297,20.17899817698093,21.58466599801332,17.26184851508994,14.20681506265586,19.014052235623,18.341758170727804,6.302956482186923,6.387162318695908,11.655101539392785,11.682790146773844,5.339944973005737,5.45179328677826,6.196765396930152,5.229811982480998,6.686444021438707,7.697956538045436,9.014379187123316,6.88430797312111,16.19688367297317,12.432564716114072,23.67465017050283,23.05400358219881,19.754333832942123,19.01653841372348,19.724690560398745,21.196515543653547,17.08149383608629,19.24682348663243,20.47072729898192,15.962469593146547,5.458625608773365,5.855930685299449,5.401366522792479,6.177894592842092,8.76391559064811,9.126312740138232,10.59388117558716,8.362916685828925,6.551279530506128,7.910752812066747,4.770304137529541,4.9029909001196845,10.978224390931818,11.398474184557596,11.44322535865027,11.007486489760032,8.68805583823932,10.68263418236575,7.511631429824413,8.778211793181992,10.413930424867075,15.62256740883902,6.777863151652726,7.538934321234857,8.306304420432681,7.343754556589147,10.676495562861472,9.183615477902643,24.00833511114341,24.040912469914172,23.75132871236535,22.05228479456746,22.60349349642476,21.702833431862125,21.586695302628403,19.43759977550446,14.131298583310862,14.292768384331309,5.223640425605193,8.568221293073975,7.265418476739368,11.208980253729788,7.828345774590463,6.339213807519334,11.015200872770652,9.978923501283228,6.949466674078915,7.577319428137022,7.265946188217769,8.003819459894004,7.101880915777924,7.935298542044486,9.345478523844406,7.980030301652021,5.214973633789864,5.1887706185968145,7.825010012629669,5.869090030016949,6.3781425125589895,5.503210668821593,6.631854350757633,5.133359441575341,4.752817890059502,5.334056637731069,6.856131824602248,11.621609089068842,5.267439633897068,6.774335334822628,8.12405022351452,8.738471635151358,6.38371469226107,14.694343684589692,19.529204075084177,17.03715138595081,12.647299408092866,21.8557603279552,19.440337404938887,21.62301852283257,24.331505166198617,22.3436267801397,21.46135404187011,21.24348639255564,19.756143118975984,8.85498465586707,22.848276261357626,23.27257444378723,21.413634136218597,23.043071329730104,11.807599852550055,22.18790595827302,18.10973532018581,21.388236078761334,19.87456508368508,19.63478798493885,21.50557584092157,15.647019609119456,20.802609325398357,18.48826169129404,15.134226186658966,17.180919884748263,18.88153476747128,18.377917513590376,19.296713531917582,21.125373055941186,23.140582150597652,22.758979625847832,20.185948328358,18.83623070133744,12.520329308215755,16.77501554410523,20.603910413025005,22.35773402748749,16.93455744111615,18.980005251561156,13.008857756526725,18.343320700654793,6.51806507729943,14.85800532690638,10.747444488414178,,,,13,0
sub-21038,ses-2,0,18.84895272440975,18.54058134666327,19.56994473125175,20.02891965858142,19.914158393187737,18.751790799224352,19.829447437629113,19.24533230150976,18.87334834974112,17.90147939613002,17.363083377887097,15.842985901404326,20.71219885393925,20.266808971823725,19.031411934148693,18.946557299586864,19.74564478609904,18.693389804509422,20.442662478039143,19.640294767641684,11.429945497636067,10.536702227034116,13.326322101258413,11.917760784350849,9.912255794097668,8.068420422127595,8.167754914029146,8.923354045544603,12.996756262550887,12.970855033471874,11.945221631261244,9.447896291504165,21.924676279596248,21.048572766405755,20.262637599321145,21.0191709337347,19.96683647366372,19.850973163198432,20.96950333417001,20.981347775336225,20.146156884908507,20.304070337542104,13.02002018355276,16.725295683285193,17.67635896840757,17.47636083943395,17.911097077300493,15.109445470509543,19.07553901681073,19.048349303409164,17.508663134200123,16.259489573037953,15.834520849143964,15.22164614973113,11.408195930672187,13.666793882475442,19.809894719830723,18.67458716042978,17.50188402725337,17.435347755305134,14.967819947178851,16.33453285450846,17.69888491768328,17.9245696803307,18.442451103001332,19.478983526571152,16.812010197377965,18.93912355578393,16.57777574455427,17.911637867242316,16.21150118819242,15.771979112449117,20.878735013657263,21.00221885754111,21.506614479152887,21.57916062007298,20.47189086929815,20.318043182561443,21.14182834710017,20.8587736075121,20.837867891614888,20.23797354364083,16.30801240866194,12.95842575656584,18.54951222732834,17.696152735023386,4.5887857290381335,6.0603313946928985,16.528475135829055,15.516681411023438,18.988508848304537,18.599396273216797,9.238402588422458,12.273723534471776,20.81128182454487,19.250535640422832,18.579284293531444,19.658602800895295,15.4615877203953,16.92370396787415,13.891709726750678,11.371802920291026,13.847530615357256,12.316491195949371,15.13956124548521,16.282991696959744,10.156087518012992,16.584409356370823,19.59214156633757,19.57019444346062,14.369040223285143,11.802338254516036,16.012669301858796,14.68183694368302,10.668586552307756,9.393438677367502,19.38275705959896,19.82877907923055,16.967049195070192,16.467240069775364,20.79568855249525,19.943376733354068,21.38106702444722,20.83527523818955,20.963989350131925,20.952736814189507,19.939141626625908,21.06559427287963,13.430694050020117,9.222401209579116,20.714512563295763,20.890336770857257,20.101171087067108,19.92864407220817,19.99072470620848,20.229750242568155,19.10878307300179,19.440412440268048,19.189980528587274,19.905408838869945,19.83428584252559,20.829667931778474,18.789529493277968,19.685742654310086,16.868612272633957,19.680645351774533,18.492049939306707,19.083612643067283,19.61345370429649,21.283838611509346,20.229834300225377,20.27917060374808,18.579533817238552,19.420461262178204,16.997660890654632,12.36720280428944,19.01928082850072,20.404768055883192,20.671244717142255,21.70666165161545,19.9209664468898,20.38005883974852,13.619136525738991,11.24087553775768,14.402174164799176,18.45772120133776,13,0
sub-21050,ses-1,0,7.788616831554492,9.798636008201676,5.771989623442127,6.1243221795748575,5.735963009490862,7.5886062849367795,10.191861029434817,15.07766753332642,7.646262288358199,13.20708927712374,13.023135403383998,21.279570240482432,16.27452911125186,17.521302797770467,6.539190787380844,5.948321225379615,20.914096204730978,20.269159086108083,5.738251964748369,6.649453606058179,9.3621334710619,10.30236941450914,15.241410997194809,13.1500371917985,12.243904916127825,11.469454370581069,17.273024189141292,15.996954951309196,16.397109224264792,23.56098017917745,6.338872675270743,15.1448091164743,21.33106767657861,21.293589126649223,18.59826636335767,18.307434174856382,19.10606859184239,19.8808776585568,20.402946169481567,21.135737948505575,7.234489452199272,10.522802357631388,21.367670913363156,16.053325545310898,12.82877403688229,13.02590766523276,7.013947984846995,9.284277303734306,15.391872941113558,15.197647586733083,7.575356476456829,8.803078608584993,8.365328527507991,9.943165857388312,9.672227106111263,6.55601493070764,13.805262411614311,9.718083530937736,8.0343443823527,9.63047185018315,5.874528277130694,6.919267416669433,6.344587135155065,7.683003391215934,8.873659299824112,15.175148828052953,7.194016095010829,8.919913344762795,7.593428747296269,9.725652457255569,6.541937214735604,6.303113836199728,20.195736846964124,20.882646452864876,21.416810622759467,17.34412690370014,12.241077556522988,22.50421759856968,19.3048107469651,15.382381704326022,14.979638360959497,20.5684528071136,19.92349560444439,23.06308214176731,14.979554630805126,15.883305948427594,4.109197557004303,6.6769770671917765,10.082992885333011,8.180052200209541,7.735805147128815,5.721939858767145,5.1223244104666374,4.831415654060734,20.323968238010245,19.82240139691484,18.912082317904705,18.030959347106915,13.129639688994512,10.69859777755051,7.641215083313478,6.374346005836902,8.700847070864477,7.151732383995851,9.95398971453892,6.398148741226548,5.429509062657134,14.22904659798167,18.625308445095538,20.297604073322105,16.55534553964619,9.16221730056214,6.26322573199289,5.555245263229781,8.006560076147187,14.07836208160822,9.985497112542417,10.82472246150563,17.496266947817837,12.965279507347091,17.253761508060265,13.818541188691116,19.436866045225045,19.087880777944335,19.376425238268148,11.072529329885873,17.782421158833657,7.782414186004059,20.607334443688373,19.05463620992945,18.510803997415294,15.521843878826989,20.872141797353823,17.904309204385026,10.650586695775392,15.422604602340956,14.031058975183024,11.968573520596658,11.876581215403634,14.82479137107563,17.67957073325682,9.299252212553828,12.281278694471172,15.618908543262124,19.81073831202128,20.524046523368984,17.03550003093026,19.575314796288943,19.451670575881582,17.544048405062664,18.574278055447017,23.38376891134697,9.784686014162949,17.11550338059771,17.616338735287627,20.016140907382365,17.859787033956685,18.87912374482811,15.88344760208928,15.526792365844113,12.388990804012256,10.950476447729542,18.10896781424443,9.169393759983576,,,11,0
sub-21104,ses-1,0,16.41473899936671,15.178289555256269,20.627561456738295,20.763212607078177,19.98482818822552,19.920258645918818,21.015620793772335,20.633223354769253,21.274823565575,20.641222491105797,20.959246159821586,19.78026112637896,21.09143936477669,21.23307066545289,14.810340120282689,11.951829319426068,20.407525225554178,19.268973845548945,20.82704957404801,21.318164736034618,16.476402672645047,12.601043081634842,16.87850621177053,13.871246552900905,16.089316089423075,13.798226137139878,17.259462884564755,18.612052428003725,21.550554006112822,16.23672122550286,19.41391629092049,14.323651211166824,21.567544853538006,21.60849950067037,20.736287649960016,20.603576609161305,20.485703112555687,19.684027696300145,21.130251295418983,21.557557185998103,20.945325070626,21.40030782480307,17.609621892258403,13.32360226304697,18.796538742652064,19.25798159056729,15.742156444840992,17.431898631040276,20.15074009067216,21.08901439335068,15.340918401438174,17.12930256670233,16.55617351880224,18.318328556653956,12.140070852197102,19.01893345302416,19.934746131776983,20.025304587682076,17.76621719238587,17.05044129195973,14.082264335908468,10.819913788159033,14.050321476100052,17.042362047135995,16.987973304337455,18.073719764383164,13.780846297672433,17.579141053113464,18.322985447226426,18.136730706206627,11.153949041442797,8.963813088080938,21.458083328319205,21.76756506313704,21.92962105160066,21.9087699853982,22.202351078275704,21.68165714625948,20.46767525865243,20.99087699409555,21.15961648355445,21.00525639386527,18.23306119190905,9.960717728276665,17.211886423285872,19.74346761291548,8.44483079148942,8.931459106594286,15.158644877386234,19.74268642448298,10.552408256927258,16.116420515699613,9.446114016913844,16.816490661225863,21.19607272565942,20.25201457072562,20.89204297508317,20.48484932354608,15.59882822893867,19.51451413498753,9.83989660498482,14.608945560803042,13.052092706078763,15.289215160813107,14.446788276700303,13.384691423398683,20.253754260515976,15.17083456676016,20.77967026988479,20.391419258354443,20.805681927918386,15.62984218541685,12.585642567701589,8.054123509902194,8.901053591916863,11.675523629846849,18.92896223852483,18.22072461334609,14.084342906720495,19.010866236168088,21.48162730922631,20.668936054279943,20.251161113858775,21.35336500352504,19.6117265146818,21.025589345674582,20.806780137929177,20.44476874245634,14.873251763921427,14.75445999004541,20.855532659188075,14.64895549152163,19.324938682447087,15.018325997164744,19.679156833860105,19.137339854038355,19.44921152481284,19.906404643051616,20.01594398524148,20.104394456832168,20.535617014023973,20.63632619719172,17.255730009064106,19.667381589844855,18.87206365607919,17.551730480406476,20.820482364237545,20.987803670006183,20.822053073751256,21.52579392604357,20.45167949214842,21.040527038743665,20.634173641995947,17.36134564733169,18.711108905892218,18.40472150258624,19.154775617886237,20.87579729419597,20.720545319356013,20.11908117148692,20.41798694551166,20.75929126398005,19.648561705427035,15.995629918075258,20.15342913028512,19.15635831291679,15,1
sub-21104,ses-2,0,20.058984023643596,9.972422092678867,20.434372774172974,20.2717059717573,20.770567840930816,18.784356996798397,21.460099039825955,16.857266547548345,21.66812535988795,17.39851023077445,21.72306677801354,20.16212423087963,21.69830309485685,17.615937938724247,16.51140570317352,15.352021321378125,21.272135875499178,21.147515680846027,20.296220629002303,21.281599922337932,20.93827584820101,21.29915911480525,20.408823205808517,20.38296506073335,19.37071731476066,19.34002633571874,20.89218572861573,20.9021214558313,21.30856993965912,19.038109577249916,21.459310332797628,11.321571715623316,22.157928240618663,21.58153212675605,19.45886769072261,20.09342886543528,18.366409147290668,19.682284694745043,21.40321684964714,21.306624278299648,21.44564100603261,21.576412559832825,21.713497419114905,18.833382350146003,15.706718724389727,14.74461192137371,17.3151706653299,12.346433322853612,19.947639053188716,18.334233952136653,12.295079869312456,9.421414799620305,12.097505678815466,17.513211597619044,14.301091336649494,8.150968336260156,21.467321684738472,20.38931331157236,19.412557613162264,9.734300755547292,11.085911357985545,11.09957949056697,15.561697328408256,10.497399869250048,18.238196595302178,9.20489247084003,17.11296550717391,11.513475887602148,16.667589824847603,16.68024581439328,9.991087545139989,9.191316648985842,21.39524394273976,22.045303476157628,20.91496884695685,21.9818839983482,21.190168577442396,21.9969522558506,21.51219319182803,13.029941896683264,20.980892255328467,16.7460907558617,21.004679094241865,13.952429891810734,20.301061720813653,15.365023077282878,13.984328878862325,16.623899922911313,20.343272769793863,16.51864516080274,18.308579922385167,6.80436313960201,14.320855629535668,13.90616993118333,15.074282552337513,20.789348828792303,15.788582208762335,19.38242767687694,18.19736788227304,19.01124122123117,11.833892127291756,9.94944568826672,18.634458232246327,11.96994483301924,16.95494575687055,18.025096815102472,10.911582647331809,16.84174805237746,19.567187526402677,21.352576813250444,18.06083979438507,17.09790941312095,10.29098544192624,12.154246817534574,16.392129367315132,5.816612651497067,19.27449650003982,18.89769396874876,19.814235185511613,20.20880331545209,18.25576988729859,20.671317466790256,20.464959101841455,21.276553326246155,20.972448375522944,21.623433529846725,17.491883832030837,18.264871201073912,10.6606225320909,13.366070341362631,21.141715403049297,21.30066287541503,19.752221021436025,19.929971840574645,19.154951072773223,21.211889544557607,19.27869829465054,18.64741576851545,18.54530919938516,20.176178068126365,21.354724230404912,21.327326439651852,20.568233193234622,19.046137565839544,19.76341482453522,19.769881366839243,21.066127690629624,20.460584068070148,20.46383640135059,21.595572190182875,20.755268856259427,21.634214024208088,21.148665092443338,19.052257524186498,19.82653436023449,21.046585453484937,21.23195039779657,21.460865563419425,21.406830147450368,21.33921134530435,20.540378176298766,20.530943115619753,17.412362497131248,19.474358953326124,19.108783144515737,19.835116002103828,15,1
sub-21112,ses-1,0,11.897038998128108,19.37189378838477,12.983277927423645,6.2838277090487455,9.478010066456912,12.803721117044532,5.319066434375584,4.960598181740888,8.060427941810449,6.4763555465392475,4.173331543969307,4.335579134580387,5.1035787490749005,5.863499088518152,18.50830850110749,19.578720881952833,8.191309032992342,6.850745431843883,6.411736568234595,6.255709436031871,14.241626601022608,13.245863135251213,12.619163589211109,10.482454383073852,7.456553196907542,7.785534717905467,17.0758016060603,10.046509805889212,9.095163026043846,10.994541158025568,6.233798750040332,11.289324892337234,9.160966431614508,6.4286875628402065,17.154589622495536,19.80438049396099,18.536363573727527,20.613001982247287,6.12504803053209,5.106177516419367,15.10134196129878,6.158426217086886,6.414032388043767,6.078962412711554,7.197020518051105,7.424594511918757,15.57868279836089,14.288332334569388,12.0834320413377,12.22770281612389,12.675608905735348,12.69132876593028,12.526906143213171,12.113872243731937,5.924879502620488,12.30674938653928,12.77283671547632,8.94887241754823,23.206595707917685,21.81291803379719,9.279719045741771,11.217015483188376,16.862938606360387,22.23980129037083,13.052927096042971,19.072412381407982,18.35973003313581,19.197122764491,18.014196975756317,16.160509594883326,21.7184240295851,20.469870292990286,11.77050158194118,9.61325915474646,7.069755473330541,5.659862052338552,10.778749418266312,14.121672722719758,7.60731519081253,3.928901496636605,13.04631191065061,4.593178429939167,19.743773486496895,12.428111363970384,7.604275656762198,5.241911754042175,5.660900396657181,8.527831904359523,5.434031591868296,6.855586820644584,11.020674181131051,7.947120989905096,6.380017087322747,5.497925585459421,5.905468688037043,7.284510253175336,9.756208558788384,20.14104469222115,17.851259331277134,10.189159714298402,8.922376483631037,15.082555163012888,10.657886889006653,17.68435077284945,12.489766280414432,8.519581611844064,11.09606265727114,20.299784891465546,11.21134236985764,7.428626616110892,19.360048052723947,21.43556318983506,8.753325050274857,19.843275177170952,8.872303656324108,10.609711140086304,9.258253740108518,7.207761105251427,6.6482888317832405,8.379235111424755,11.384958147964111,11.28935623625006,9.348950165765604,9.1258132370152,14.173695155815432,6.788894628986927,15.626559250666451,14.960399248966072,8.137532686140243,8.647716644920013,13.0824638729502,11.546019578862849,6.721345902979769,5.999603602120036,11.467056806167726,11.39689905763614,9.161958456813547,17.177518222035275,13.770369486903272,15.543476030545596,13.561249418863095,15.496433998105507,16.135473193593455,,,,,,,,,,,,,,,,,,,,,,,,12,0
sub-21112,ses-2,0,24.129482691470383,20.810401270590816,21.46747578686942,17.428669412672974,21.578288211427346,22.839232620766985,16.96395896528788,19.421313058486575,18.285002076178177,17.557914992705186,10.632892314444188,10.6134664663242,9.956039789656066,13.50106534090284,21.566358647261055,21.991682685093267,14.177028120428004,14.341342310271186,16.822998483221127,17.193374861464978,12.032505160728778,18.013450807824956,8.928577707136036,11.070018768036014,10.99131408506098,11.276464953982302,11.102338811628258,8.737883861350435,15.431394903712183,10.303200250235744,11.488274330960582,7.614683545626176,11.352513887754425,12.90151905584531,21.645313187194496,21.28194160930722,20.005694411543946,23.02958440438427,14.931746573226244,10.710505707689723,14.44326888654802,13.36483610528614,14.0145827161212,11.129016425800836,13.65058550679553,14.07942503974057,14.535712552792386,17.303952669878484,17.080640815512698,18.389347472624017,14.996425385411673,21.511188159131464,20.775685195373413,16.625197099197155,12.843070405544536,10.804434304027938,7.492812713581411,10.553026007553983,21.334386211142697,22.919762904911455,15.440432011626626,15.65841297843193,15.343741287116304,20.722351981326455,12.3469492141583,20.37470398049318,20.344362792360517,14.43518185744492,19.52306850328624,20.190450721541133,23.709977317726125,22.22324669401429,17.873273792127033,18.22283764448623,10.61905774695886,12.311449518851097,17.36413229806621,12.426388102017825,17.048177565346045,11.373059972352111,17.885831542763594,12.07410013574708,14.846572967018783,14.10114541435816,15.640441612201863,11.183335541028216,7.913505418094074,10.26179337859528,14.568598509846066,8.066285716327778,9.77779409201904,10.65530725884494,8.382761258608706,9.704472527644649,8.893079841769445,18.25379678985088,11.992644427335748,17.329328489349052,11.715437500915307,17.997648633194554,23.98120214436659,16.935519051676366,15.50994841984113,22.860024642222616,19.19876953691041,17.174955486157973,15.33476432125348,23.374776490499045,23.00734383407505,20.10055389315303,17.27215009587014,22.29732878541003,21.374593361160347,6.136323060252169,22.22353825632036,23.079351047017624,21.338218882241012,21.01309980939993,20.35311987373226,12.231613656389849,17.315412823970064,13.419277632013122,16.53946992389482,14.796167150480311,21.284732451466848,20.108328011476544,18.750405598479425,16.129997693247237,16.655610392068546,21.71572180464753,7.820563804700021,7.552851519727573,13.039556100484392,14.363169596244244,21.19726265193816,20.131454458750067,18.425052461850317,16.06860884612516,17.96996361479532,17.57321447566956,18.5146036066566,22.735789054962567,19.926081610958185,11.821328693191669,21.40919319894109,19.026067016360713,9.278518769939318,20.720669323024804,14.979217771953198,,,,,,,,,,,,,,,,,,12,0
sub-21116,ses-1,1,21.14045818356377,21.672501132268245,21.58943249620952,20.92001686224054,19.767315975596947,19.994266092536535,15.28362799906247,15.61173282762861,14.825133886893983,18.781752328719534,16.209919100291906,20.911787337804636,15.750459822926627,17.99011813733965,21.56811842757284,21.72555628695636,19.791559202297535,12.103634520397147,19.911636182477743,19.04965538061743,10.038977106907527,16.082701294376047,11.047638856784316,9.931179125329823,7.819343763724847,13.750942510748189,13.578808803342888,12.438920470788652,8.211804022958072,7.543952946768204,6.6861650875057705,15.051573478545109,18.5261505415291,17.833647935645388,22.01631893528303,21.812548838403483,11.866308687792388,15.351795944389876,5.38991422697233,7.026839542556621,8.859606571863623,15.39968068266265,6.140320346079559,21.26241999497682,24.46524002813721,12.8200909385305,20.10631524797614,20.966084727267457,21.556822361198815,18.019231478504388,23.550973666187005,10.869245878343314,14.937702341642357,16.528868685630943,21.39584423475541,21.07026282665572,21.2945811180064,20.498013953351773,13.87646979362108,17.57226112096913,19.278811718122615,12.48054131330388,9.775012166349487,12.196862768514034,11.313010174312671,14.926909946529012,10.893775762156022,5.426721684959604,7.638177550322971,6.7023722355530015,6.3968408658899065,14.603718803474294,8.215262972350084,7.342010099100834,11.500581898709642,13.05919168918604,15.86043195693337,11.316129656598056,7.016770159360494,6.0623267451196,4.7346191304414456,11.449311282351209,6.0619216153370346,8.241546118886992,5.909033189275986,7.526370379397237,6.908520314326931,6.907151200687149,7.688420559020895,5.730983582213225,7.165861174991517,15.61328341358652,10.629632272014,12.862834421306868,12.15939205239034,14.288367574511604,13.758159880933729,17.448821496783193,9.61600397934484,,,,,,,,,,,,,,,,,,,,,,,,,,,,,,,,,,,,,,,,,,,,,,,,,,,,,,,,,,,,,,,,,,,,13,1
sub-21118,ses-2,1,17.718984133674685,13.843019332387287,20.413495928568473,18.093831978794142,18.93185764755393,19.042853006759607,20.677554740481753,20.140911127062584,20.50450960468007,20.35931772900371,21.156100366103377,19.717723528806367,20.963213275454983,20.91338163274479,14.249966945084092,14.39515503341038,20.53866863263644,19.880982630733335,20.5338411834896,19.668534656889253,9.838416205859309,13.304298290791555,16.036826551949034,18.06724766205476,14.803941336875331,14.51990462262984,20.445729215884683,5.579524045441886,21.464918689038296,20.622724352995288,20.87164080219144,19.83463602311027,21.745527085780203,21.889042099051125,19.511992354430603,19.955324868841046,17.767191811656655,18.871073808940583,19.80266591941154,22.096551716851927,20.783572651354397,21.68344217417248,21.515193234910452,18.997544503340873,17.77804542413131,20.52067574845978,16.62222864846548,17.570265967129135,19.386471205559968,19.888549098484088,17.21492940709821,16.776474909572983,17.750996162792124,18.17217785420317,9.231817592024203,9.112978694311204,18.28416374747485,20.32841326521631,19.386153781801347,13.543918440217372,11.884236043708864,9.719585839512764,15.6834146485933,11.49483555886222,19.089608286515254,16.120824906262907,16.372126930647966,15.954511534790088,16.89432265399499,17.981291264399218,10.315272061170086,11.408772188828152,21.761576497239815,21.303670781119557,21.706170481591982,21.92323081403512,21.56074272505068,21.455978265252103,20.249959178041443,21.333832050113973,20.333277146761393,20.68408975489643,11.42539015281038,21.01055376927424,14.373366570750626,20.314805073013627,6.472137405387972,12.211873533283937,18.849809615473855,15.831105535208549,13.407724608970897,8.751780157517084,11.142124610060993,11.92340020283251,20.923233931318517,21.25255073621363,19.333995903794893,20.350999566211012,15.113605880678575,16.872398946589726,10.694874250768471,9.666383711220552,12.465153450861374,11.117059487443294,9.141437033191709,13.24412124611717,19.821550721330293,19.982891126128212,20.96737934310439,20.910042797165115,17.782234603140402,12.89927762190137,9.63531223923884,8.455941880984252,10.584868439254825,20.5382709730877,19.042725544229285,19.96346703947225,19.32837064071114,16.92062235067017,20.611210673912986,20.442013001368196,21.307699536830047,20.94568460935661,19.491749747988848,21.441995208269823,13.292656594836618,20.248201458434465,20.70245431984306,21.497142625485893,20.145854998801425,19.225420902953815,16.592087293793927,19.44998479616287,19.051293815191222,13.561336416444156,17.227909020359736,19.06615164384763,19.85212936362317,19.335253882726057,18.96105785579233,19.17242483730668,18.10027723976946,20.35347303237505,21.251742477418148,20.9950340807232,21.76311333955174,21.21125552989358,21.257383835518297,20.988200431083644,17.008269489719524,20.94305815550469,19.35708148658351,18.57718308396388,20.64949609330103,19.65749786508134,20.76645744371557,20.306677771008676,21.165723004233353,19.857013511170923,15.885589505417007,14.42113940318658,20.35196905231441,16.618387573658698,,,10,1
sub-21827,ses-1,1,20.8939963474817,19.72627579420144,21.51760550922784,21.05852075901602,21.0212512567022,20.813735598529444,19.0475117132264,19.956312998270377,20.865380360731077,20.28456385987087,12.225809694642786,13.211226713667422,19.586225277841272,16.14490258887545,20.67435162415592,20.543109530309145,13.27541997809585,13.604203706767477,20.66297981782155,20.72554623616668,15.38710955055618,16.496024996786655,19.774311265326133,19.17764378476432,18.180643698344767,18.901730265522257,4.476224562427045,4.419470729505221,14.769108951994385,15.064531554272476,10.27336599072973,9.193300050770617,20.631931974991495,20.972071708696586,20.895630624671,20.781585560509065,18.195932968754008,20.45599646615164,15.202706579206437,17.658977221392867,18.68213445815059,19.208433363197752,11.25195057746261,11.193077968153824,11.713835845496162,13.41488768637764,12.462288761401169,13.415310728315813,17.358654607398737,18.72662035995467,12.07046121251792,13.63907312244986,15.435997701586825,10.84328164966761,13.267555373906909,12.483074805992274,14.30415151423464,14.989626968259032,19.772861844514065,18.737484565736622,12.97004236025727,11.658612977191018,17.421108521655263,17.012063549641677,14.446963053959893,15.649103822012094,10.97881189774693,14.188153759791948,16.38599268420616,15.476601248572312,19.73079372782348,11.919047298746245,21.502436675577385,21.06177229263354,16.882012170238383,18.013529711762686,15.162403836565984,17.457464713062908,17.127181354889725,20.535475403580858,17.052112239106517,20.033766325174454,14.035811793615029,13.85723385669341,16.264534857768922,18.782050975816993,11.518717279437944,15.440855887242815,15.001317371169826,18.532933946376257,5.652666423430357,5.808945206779641,9.956616595922508,13.868480064632932,17.88371709547097,19.424022338719087,15.53896791684734,11.360741852265752,14.414567565565283,18.70082290040749,18.879477257956292,12.761776274158944,6.347380102102207,18.077048094943457,19.25953611624627,20.80376867203353,19.975314988893313,20.991171107352155,19.880987404758617,21.450510526065464,21.46069107294993,20.408046446145377,21.488705414140192,20.575049001977888,21.128938079428096,9.357956884848315,20.74563629382453,20.538151178788805,20.22269088026112,20.72416249873189,19.57132341900092,18.76367842409786,15.03812552181116,18.4585598279252,18.54576092893709,20.43545812462356,19.10865489049547,20.43484515704948,19.629694749405612,20.317031728350283,20.946480399994375,19.89605811596816,10.08886989814598,8.4714513968758,20.67784537674695,21.56071430245839,21.03668662406825,20.893645033867585,9.03523843874051,11.040626583272465,18.67657994383415,17.692356476966776,19.5055994271494,19.63757072689159,18.98935109264155,19.943106414489677,20.04483728188903,20.10989520989264,5.549339090262018,19.12454172483759,11.847499769727216,,,,,,,,,,,,,,,,15,1
sub-22473,ses-1,1,14.85482169918744,20.64091568334838,21.662765999376568,19.67331327957137,17.561731141154436,21.20816714558064,20.819644865476658,19.735943872650164,19.64396225771034,20.16390573817866,18.797834831419006,20.470398543387148,21.38632914073847,20.967491143597982,20.438945978833733,20.377398457086823,18.757809161482875,18.84953387579373,20.719007859006975,19.4924008037779,10.017280553950744,11.4337098045505,10.085598604519904,10.495420222812458,12.319124647036324,10.833859913603074,9.734806905675384,9.955545617517377,17.68604122686576,19.554904565905808,11.1859259032932,18.71029692535934,21.128191090511276,21.727018124519223,20.63014050924556,20.343319405569954,19.676631734352764,19.70684079514438,19.558638462791663,16.041807706373586,17.358226856123505,15.560863751605757,15.985561709433153,14.86903822914734,12.378605322541643,16.462410873590237,15.6924195431965,11.835412501696227,7.987286014193677,8.32710958191461,18.24218138112137,9.456158951554238,10.297281375116398,7.715032859172204,7.199883236403606,5.18661802670879,12.00310071475408,12.25107745527667,12.860410413062242,17.93826609154078,17.298804568430043,12.95161437362239,15.589844353239435,15.652720197566524,14.993264529151208,11.0497609967851,16.19154926875646,11.223332990549649,19.29378160250423,18.53649154510959,14.438315061815189,10.838242344381548,21.060456138410977,20.61867401911578,21.659689327058526,21.850066801561574,21.20343429443906,19.804192250405887,21.49449684132893,20.83832590497871,16.618093529181344,14.968745162499992,15.199606989681184,16.655616918425487,11.194217175487069,7.263349077877569,11.961138406489768,11.758072658256706,11.94546558076184,4.826171090495686,11.495918679777407,15.27139453705628,3.9471560731486215,15.307263275893568,19.48180368264728,16.844069925850526,17.244484649816396,18.836598990909746,15.96568527389242,11.610901987701148,6.087955736869665,7.853074636227215,11.439014515533936,4.218481534313952,8.282889504664377,3.693084268679296,3.6776404428475375,3.621936888893963,18.18404385112174,18.809164068792004,19.675250351528724,9.7168743500255,7.173229522803004,7.753341690678483,5.575606430380921,16.265899757656516,18.561136116366782,15.883258938715391,17.914650939426995,19.99175764955557,20.756347928006356,17.628478519361646,21.82756327423617,20.21974201549274,19.979020361649148,21.264745119705267,17.24099500380471,17.35682655640627,9.507063629332096,12.134829527193528,20.652739327805275,20.43792228243207,20.214799276511656,18.03878144066653,19.426795491256097,17.62077996835344,17.7271067861346,16.76067746260936,20.431297067699138,20.94052653517635,21.21759041730972,21.02464239713486,17.875463997111233,19.21478069208352,14.608008974260636,15.251549783339716,18.017046587355413,18.16297835299302,20.682195984708493,20.566895970265385,20.612308039468708,19.709894542555514,19.484135619902226,19.052968948751335,18.742784166875243,18.35386639620597,19.565319750878732,19.87507206055788,19.241486365946297,17.81012405009756,20.367607417457116,20.61108221623422,15.436309736516566,11.77906038017886,18.465751597901622,16.836493927722152,14,0
sub-22654,ses-2,1,9.926601342479936,8.463451868855483,15.418978788595558,16.138295603460595,17.771478882959965,16.841537254536252,11.942606271835349,14.10318174782161,11.105437803854016,13.145683170811546,19.122147884956725,18.29725512798226,17.03464724411429,14.30613363408886,21.382630217683896,20.065314551129553,7.22697900496375,15.028751476421103,18.30483196146639,18.36663758629402,20.47320304658434,20.189843572922346,21.2287569390414,21.789581375828856,19.830314151917545,19.218071560101613,20.130216124631676,18.88135545257792,18.65874474225762,17.86668640940944,19.356017010956773,19.41327768922819,7.384997764358744,11.085048890518744,12.818195909117309,10.86144351280268,20.651058626798676,20.307238454154103,21.59656885983032,21.60299726893625,20.51699904330629,21.777895361269316,9.250377667058238,13.27582087379645,12.85454481588762,12.919461528980902,16.081341638651196,15.505984895279884,12.473432401437838,10.248692452066138,15.681370089994436,16.192761553923695,12.88264054571514,14.010711914425332,20.43620737857119,20.40236782095263,10.747578719697298,6.912886115501614,5.837985121379937,11.235127658118186,6.450807091627847,10.139558020044218,9.676187511828369,10.62005566950912,8.321216280626642,17.454642642601325,14.328660060972808,19.190371542298795,16.801252846638636,20.115452798647773,19.87762477728069,21.217582513719023,20.62640419776648,17.270149937348414,6.353499095458425,15.850642502100806,20.009471960355533,21.297214287155953,20.497322764831257,20.562194846667563,19.50085231655851,21.765010418177734,21.580502965836303,20.879114537977188,20.491555432751916,17.71666096037914,15.594419324324928,15.669431616669776,14.755934435953884,21.121432862232993,20.912824099755255,19.176091550608188,18.412231359945835,18.037327783371047,18.616387812214345,19.38593576150229,18.144103847619466,20.79463957160726,21.158596714285107,21.17165742939204,20.501657179659052,21.71656225138972,20.95164900942465,19.620147937371357,17.956117586997163,13.418582345246495,9.196359972245558,18.408881686883824,14.94331841405834,19.387804348752255,19.63624944225971,12.621449704296792,13.084204681083053,10.276896731961354,8.152341066358687,20.081080364829965,18.083369104819145,17.550986914154066,15.645654557724049,17.570248441538403,19.150527101026302,18.30093978135062,17.806703993745018,5.629559932655397,11.0048047994439,17.397665448899588,16.793461936292363,11.689258210143104,11.120546593280702,20.10684105771247,19.95942478143385,19.385035266326597,18.424159594474016,15.369149260181027,17.62848239183935,17.869491218456915,14.213918485220848,8.827768089544255,12.530930007456528,11.618197379692486,15.772487812981309,20.6940572275468,19.364657016915302,16.067164660318195,14.225866385503297,18.06085914036028,15.291282250585082,18.881946016428746,20.239662304811983,19.48078185001892,18.21212417296841,19.86117475617044,19.962654728198117,19.17646535612716,20.594730950321445,19.369214763970003,18.273314565146972,10.612125657021055,15.9932166033072,19.293813977945103,18.71690844812216,,,,,,14,1
